"id","last_name","email","start_date","salary","job_title","region_id","department_id"
1,"kelley","rkelley0@soundcloud.com","2015-09-19",67470,"structural engineer",2,6
1003,"carr","fcarr2@woothemes.com","2018-09-20",101768,"recruiting manager",3,1
22,"alexander","kalexanderl@marketwatch.com","2021-10-20",144724,"marketing assistant",2,1
45,"nguyen","mnguyen18@biblegateway.com","2021-06-21",108378,"electrical engineer",7,1
50,"armstrong","parmstrong1d@hc360.com","2017-09-13",89969,"senior editor",4,1
55,"ross","jross1i@infoseek.co.jp","2014-10-16",71363,"environmental tech",3,1
62,"boyd","aboyd1p@artisteer.com","2022-07-04",69936,"senior editor",7,1
65,"jordan","jjordan1s@about.me","2017-06-29",86939,"tax accountant",3,1
92,"ortiz","aortiz2j@jigsy.com","2020-07-17",113231,"senior editor",7,1
103,"reed","dreed2u@arstechnica.com","2016-12-19",126001,"structural engineer",6,1
118,"fox","pfox39@discovery.com","2015-11-06",87134,"assistant manager",3,1
165,"lawson","jlawson4k@prnewswire.com","2017-10-21",130993,"administrative officer",2,1
202,"morris","lmorris5l@patch.com","2021-12-11",91932,"analyst programmer",1,1
258,"schmidt","dschmidt75@sitemeter.com","2018-09-08",133612,"vp product management",4,1
270,"torres","ttorres7h@telegraph.co.uk","2022-12-02",120875,"software consultant",1,1
292,"ortiz","dortiz83@themeforest.net","2017-12-25",91296,"environmental tech",6,1
327,"edwards","medwards92@mail.ru","2021-09-30",140194,"programmer iv",5,1
358,"gutierrez","jgutierrez9x@telegraph.co.uk","2021-10-02",67800,"desktop support technician",2,1
360,"jenkins","jjenkins9z@w3.org","2019-09-22",84356,"marketing assistant",2,1
363,"hall","jhalla2@prweb.com","2019-11-07",83177,"community outreach specialist",3,1
378,"nichols","bnicholsah@networkadvertising.org","2020-07-08",110589,"cost accountant",7,1
385,"carroll","ecarrollao@newsvine.com","2015-05-09",128885,"office assistant iii",5,1
453,"anderson","aandersonck@whitehouse.gov","2019-08-05",126485,"computer systems analyst i",6,1
455,"hawkins","jhawkinscm@furl.net","2015-02-25",115506,"product engineer",2,1
460,"sanchez","lsanchezcr@rediff.com","2019-11-18",146167,"assistant professor",5,1
553,"george","rgeorgefc@youtube.com","2020-04-29",141505,"associate professor",6,1
572,"duncan","jduncanfv@etsy.com","2022-09-21",45774,"electrical engineer",2,1
616,"marshall","hmarshallh3@com.com","2022-07-31",47281,"vp sales",6,1
654,"mcdonald","hmcdonaldi5@4shared.com","2022-11-04",69594,"recruiting manager",3,1
661,"foster","pfosteric@smugmug.com","2020-02-22",63364,"community outreach specialist",4,1
695,"morales","rmoralesja@vinaora.com","2015-02-09",82244,"administrative assistant iii",2,1
708,"rose","crosejn@cnbc.com","2016-08-07",66063,"software test engineer i",7,1
734,"simmons","tsimmonskd@chicagotribune.com","2017-09-21",58555,"biostatistician i",2,1
744,"gordon","pgordonkn@mac.com","2017-06-03",129324,"developer i",4,1
768,"meyer","jmeyerlb@yandex.ru","2018-05-07",42602,"programmer iv",2,1
778,"thomas","ethomasll@aol.com","2020-08-09",116487,"graphic designer",1,1
781,"schmidt","rschmidtlo@harvard.edu","2016-01-13",121300,"human resources assistant ii",5,1
783,"burns","kburnslq@163.com","2019-05-03",44377,"technical writer",4,1
809,"butler","rbutlermg@netvibes.com","2015-01-01",128448,"technical writer",3,1
851,"gordon","bgordonnm@imdb.com","2021-10-17",136448,"media manager ii",4,1
858,"wright","lwrightnt@house.gov","2019-04-15",127521,"nurse",4,1
863,"gonzales","fgonzalesny@squarespace.com","2017-10-01",101006,"sales associate",2,1
894,"owens","jowensot@gmpg.org","2020-11-08",135326,"graphic designer",1,1
905,"webb","dwebbp4@about.com","2022-07-31",111689,"gis technical architect",5,1
909,"mcdonald","hmcdonaldp8@facebook.com","2019-05-03",111041,"research assistant ii",6,1
911,"peterson","jpetersonpa@unblog.fr","2023-01-27",53964,"pharmacist",1,1
944,"adams","jadamsq7@aol.com","2021-03-28",79045,"vp product management",3,1
3,"carr","fcarr2@woothemes.com","2021-05-17",101768,"recruiting manager",3,2
1022,"alexander","kalexanderl@marketwatch.com","2018-06-20",144724,"marketing assistant",2,2
1045,"nguyen","mnguyen18@biblegateway.com","2021-03-14",108378,"electrical engineer",7,2
1050,"armstrong","parmstrong1d@hc360.com","2016-02-19",89969,"senior editor",4,2
1055,"ross","jross1i@infoseek.co.jp","2020-09-04",71363,"environmental tech",3,2
1062,"boyd","aboyd1p@artisteer.com","2023-03-09",69936,"senior editor",7,2
1065,"jordan","jjordan1s@about.me","2022-03-18",86939,"tax accountant",3,2
1092,"ortiz","aortiz2j@jigsy.com","2021-07-16",113231,"senior editor",7,2
1103,"reed","dreed2u@arstechnica.com","2023-09-18",126001,"structural engineer",6,2
1118,"fox","pfox39@discovery.com","2022-08-13",87134,"assistant manager",3,2
1165,"lawson","jlawson4k@prnewswire.com","2018-03-03",130993,"administrative officer",2,2
1202,"morris","lmorris5l@patch.com","2017-06-23",91932,"analyst programmer",1,2
1258,"schmidt","dschmidt75@sitemeter.com","2016-10-14",133612,"vp product management",4,2
1270,"torres","ttorres7h@telegraph.co.uk","2022-01-18",120875,"software consultant",1,2
1292,"ortiz","dortiz83@themeforest.net","2018-09-11",91296,"environmental tech",6,2
1327,"edwards","medwards92@mail.ru","2020-09-19",140194,"programmer iv",5,2
1358,"gutierrez","jgutierrez9x@telegraph.co.uk","2021-03-29",67800,"desktop support technician",2,2
1360,"jenkins","jjenkins9z@w3.org","2022-04-30",84356,"marketing assistant",2,2
1363,"hall","jhalla2@prweb.com","2018-09-18",83177,"community outreach specialist",3,2
1378,"nichols","bnicholsah@networkadvertising.org","2015-07-02",110589,"cost accountant",7,2
1385,"carroll","ecarrollao@newsvine.com","2020-10-13",128885,"office assistant iii",5,2
1453,"anderson","aandersonck@whitehouse.gov","2020-06-13",126485,"computer systems analyst i",6,2
1455,"hawkins","jhawkinscm@furl.net","2023-11-25",115506,"product engineer",2,2
1460,"sanchez","lsanchezcr@rediff.com","2020-05-29",146167,"assistant professor",5,2
1553,"george","rgeorgefc@youtube.com","2018-08-04",141505,"associate professor",6,2
1572,"duncan","jduncanfv@etsy.com","2016-06-07",45774,"electrical engineer",2,2
1616,"marshall","hmarshallh3@com.com","2018-09-24",47281,"vp sales",6,2
1654,"mcdonald","hmcdonaldi5@4shared.com","2023-06-21",69594,"recruiting manager",3,2
1661,"foster","pfosteric@smugmug.com","2015-03-01",63364,"community outreach specialist",4,2
1695,"morales","rmoralesja@vinaora.com","2015-03-22",82244,"administrative assistant iii",2,2
1708,"rose","crosejn@cnbc.com","2023-06-05",66063,"software test engineer i",7,2
1734,"simmons","tsimmonskd@chicagotribune.com","2016-11-10",58555,"biostatistician i",2,2
1744,"gordon","pgordonkn@mac.com","2022-09-30",129324,"developer i",4,2
1768,"meyer","jmeyerlb@yandex.ru","2015-12-14",42602,"programmer iv",2,2
1778,"thomas","ethomasll@aol.com","2023-07-05",116487,"graphic designer",1,2
1781,"schmidt","rschmidtlo@harvard.edu","2015-03-09",121300,"human resources assistant ii",5,2
1783,"burns","kburnslq@163.com","2016-06-24",44377,"technical writer",4,2
1809,"butler","rbutlermg@netvibes.com","2016-11-25",128448,"technical writer",3,2
1851,"gordon","bgordonnm@imdb.com","2019-09-27",136448,"media manager ii",4,2
1858,"wright","lwrightnt@house.gov","2019-09-26",127521,"nurse",4,2
1863,"gonzales","fgonzalesny@squarespace.com","2018-09-29",101006,"sales associate",2,2
1894,"owens","jowensot@gmpg.org","2020-06-04",135326,"graphic designer",1,2
1905,"webb","dwebbp4@about.com","2020-03-28",111689,"gis technical architect",5,2
1909,"mcdonald","hmcdonaldp8@facebook.com","2020-02-25",111041,"research assistant ii",6,2
1911,"peterson","jpetersonpa@unblog.fr","2017-04-28",53964,"pharmacist",1,2
1944,"adams","jadamsq7@aol.com","2024-01-11",79045,"vp product management",3,2
13,"schmidt","sschmidtc@state.gov","2022-07-07",85227,"compensation analyst",3,3
16,"medina","smedinaf@amazonaws.com","2014-12-31",106659,"web developer iii",1,3
39,"kennedy","skennedy12@rediff.com","2015-08-31",79339,"civil engineer",1,3
41,"allen","jallen14@ustream.tv","2015-02-09",89680,"web developer iii",6,3
51,"dixon","jdixon1e@dot.gov","2017-09-11",106281,"senior developer",3,3
71,"vasquez","evasquez1y@behance.net","2015-04-23",77285,"operator",6,3
91,"wallace","swallace2i@state.tx.us","2021-09-20",65216,"registered nurse",4,3
113,"moore","kmoore34@shareasale.com","2020-06-05",54413,"operator",5,3
122,"wagner","jwagner3d@fotki.com","2017-07-23",77530,"librarian",1,3
144,"barnes","lbarnes3z@indiegogo.com","2015-06-14",112837,"clinical specialist",5,3
145,"day","lday40@upenn.edu","2022-02-26",125914,"junior executive",6,3
306,"sanders","ssanders8h@mtv.com","2016-05-05",52171,"data coordiator",2,3
359,"tucker","gtucker9y@instagram.com","2021-11-30",42944,"tax accountant",3,3
374,"mcdonald","jmcdonaldad@sbwire.com","2023-06-03",141464,"programmer iv",4,3
389,"ortiz","gortizas@w3.org","2022-06-16",42924,"marketing assistant",2,3
395,"ward","jwarday@quantcast.com","2023-10-12",48927,"sales representative",6,3
407,"vasquez","jvasquezba@dion.ne.jp","2017-03-08",54704,"analog circuit design manager",3,3
454,"price","jpricecl@liveinternet.ru","2016-10-27",96388,"graphic designer",6,3
471,"lewis","plewisd2@businessinsider.com","2022-09-06",50448,"database administrator iii",4,3
503,"rose","jrosedy@squarespace.com","2023-04-20",127291,"accounting assistant iii",7,3
507,"reed","preede2@who.int","2016-09-12",97427,"occupational therapist",6,3
526,"allen","lallenel@nyu.edu","2019-04-14",66847,"assistant media planner",2,3
558,"hudson","jhudsonfh@soundcloud.com","2023-07-21",103845,"nurse practicioner",1,3
577,"jones","jjonesg0@g.co","2016-02-01",128048,"programmer iii",5,3
591,"sims","wsimsge@vinaora.com","2019-03-15",84318,"software test engineer i",2,3
662,"scott","bscottid@mashable.com","2016-01-21",86497,"administrative officer",6,3
723,"howard","rhowardk2@cnet.com","2017-10-01",89035,"senior editor",5,3
725,"richards","krichardsk4@bloglines.com","2021-06-22",80939,"analyst programmer",1,3
736,"morgan","emorgankf@businessinsider.com","2020-12-02",80813,"senior quality engineer",6,3
739,"carroll","lcarrollki@example.com","2018-06-04",125398,"assistant professor",2,3
760,"bell","sbelll3@goo.gl","2018-08-19",66608,"general manager",1,3
805,"gordon","pgordonmc@creativecommons.org","2020-06-29",110058,"business systems development analyst",1,3
817,"dixon","sdixonmo@marriott.com","2018-06-23",138970,"structural analysis engineer",7,3
823,"harrison","mharrisonmu@guardian.co.uk","2018-01-10",134334,"accountant ii",7,3
827,"fowler","hfowlermy@nps.gov","2015-02-18",110383,"chief design engineer",4,3
835,"tucker","btuckern6@ovh.net","2016-10-14",148573,"nurse practicioner",4,3
886,"murphy","fmurphyol@tumblr.com","2020-02-20",62114,"analyst programmer",7,3
890,"howell","ehowellop@dailymotion.com","2019-01-02",72534,"account executive",4,3
891,"richards","arichardsoq@so-net.ne.jp","2020-04-25",140004,"design engineer",7,3
918,"miller","amillerph@skype.com","2021-07-07",73905,"design engineer",7,3
933,"williams","gwilliamspw@columbia.edu","2022-09-27",131273,"web developer iv",6,3
961,"bowman","rbowmanqo@auda.org.au","2020-04-28",116355,"structural engineer",5,3
972,"bailey","mbaileyqz@howstuffworks.com","2018-06-07",94049,"senior financial analyst",7,3
979,"medina","bmedinar6@1688.com","2015-10-18",90068,"quality control specialist",6,3
1000,"howard","showardrr@addtoany.com","2015-09-19",148687,"general manager",3,3
30,"weaver","dweavert@shinystat.com","2014-11-05",83144,"account representative iii",2,4
66,"rodriguez","lrodriguez1t@narod.ru","2019-06-30",141949,"product engineer",4,4
68,"coleman","kcoleman1v@360.cn","2018-12-27",121378,"web developer i",7,4
96,"mason","wmason2n@xrea.com","2015-03-31",96673,"accounting assistant i",1,4
136,"rose","lrose3r@slideshare.net","2017-01-06",50060,"accountant iv",1,4
197,"hayes","jhayes5g@jiathis.com","2017-03-08",130097,"office assistant iv",5,4
204,"powell","cpowell5n@cocolog-nifty.com","2020-03-31",116013,"tax accountant",4,4
227,"rivera","crivera6a@amazon.co.jp","2023-10-20",69045,"accounting assistant iv",2,4
262,"lewis","dlewis79@parallels.com","2016-01-04",74191,"business systems development analyst",1,4
287,"andrews","tandrews7y@ycombinator.com","2024-02-23",142103,"associate professor",4,4
299,"stephens","cstephens8a@imdb.com","2022-07-26",88972,"paralegal",7,4
367,"ramos","jramosa6@cdbaby.com","2015-03-29",102361,"computer systems analyst iii",5,4
384,"butler","dbutleran@eventbrite.com","2016-10-15",63918,"structural engineer",4,4
392,"peters","apetersav@loc.gov","2015-09-21",132470,"database administrator ii",6,4
394,"washington","rwashingtonax@gmpg.org","2020-10-09",91651,"employees accountant iii",4,4
416,"butler","dbutlerbj@wix.com","2020-08-28",66313,"food chemist",5,4
450,"morgan","kmorganch@reddit.com","2022-02-24",76052,"technical writer",5,4
483,"brown","mbrownde@bizjournals.com","2015-05-06",79419,"senior developer",3,4
496,"andrews","dandrewsdr@patch.com","2021-12-06",40254,"quality control specialist",5,4
552,"gomez","cgomezfb@reddit.com","2021-02-20",107389,"community outreach specialist",2,4
563,"graham","bgrahamfm@usatoday.com","2023-02-16",123391,"financial advisor",7,4
597,"lynch","alynchgk@tumblr.com","2023-01-31",71448,"electrical engineer",1,4
613,"coleman","hcolemanh0@feedburner.com","2023-06-22",48791,"teacher",1,4
623,"ford","mfordha@youku.com","2015-04-05",72948,"teacher",6,4
646,"harvey","lharveyhx@plala.or.jp","2015-07-07",124707,"registered nurse",6,4
648,"long","rlonghz@list-manage.com","2022-07-11",149099,"executive secretary",3,4
685,"white","jwhitej0@usnews.com","2017-10-11",136356,"office assistant iv",1,4
691,"hansen","chansenj6@uiuc.edu","2020-12-13",113893,"clinical specialist",7,4
697,"woods","twoodsjc@ucoz.ru","2020-08-30",123995,"assistant media planner",5,4
719,"wagner","ewagnerjy@jalbum.net","2017-03-19",135445,"operator",2,4
796,"owens","jowensm3@mail.ru","2019-12-21",138682,"analyst programmer",7,4
803,"hunt","ahuntma@g.co","2022-03-26",72016,"computer systems analyst i",4,4
812,"harvey","jharveymj@yandex.ru","2018-05-08",131816,"sales representative",1,4
816,"jackson","pjacksonmn@dailymotion.com","2021-02-27",107093,"electrical engineer",3,4
842,"carpenter","acarpenternd@prlog.org","2016-09-18",101653,"web designer ii",6,4
853,"mendoza","emendozano@edublogs.org","2015-11-29",128947,"help desk operator",5,4
864,"jones","sjonesnz@chron.com","2018-02-23",47716,"quality engineer",2,4
887,"vasquez","jvasquezom@networksolutions.com","2015-10-11",131811,"social worker",4,4
892,"crawford","pcrawfordor@gnu.org","2017-11-02",114436,"account representative iv",5,4
897,"reid","sreidow@smugmug.com","2016-08-19",79718,"marketing manager",4,4
912,"fisher","sfisherpb@answers.com","2021-09-10",131152,"database administrator iv",2,4
914,"armstrong","carmstrongpd@4shared.com","2015-09-05",143853,"design engineer",2,4
917,"gutierrez","sgutierrezpg@bloglovin.com","2016-06-26",95424,"vp product management",2,4
921,"moore","jmoorepk@home.pl","2018-08-16",142101,"paralegal",2,4
922,"watkins","swatkinspl@google.fr","2017-08-09",41299,"computer systems analyst iv",5,4
924,"wilson","bwilsonpn@chron.com","2020-04-16",122446,"systems administrator ii",6,4
967,"lawson","clawsonqu@cargocollective.com","2022-12-08",55081,"mechanical systems engineer",5,4
968,"moreno","nmorenoqv@chronoengine.com","2022-01-02",123017,"speech pathologist",6,4
976,"chapman","achapmanr3@list-manage.com","2015-04-27",110749,"legal assistant",7,4
977,"collins","acollinsr4@jiathis.com","2015-03-24",137911,"accountant iv",4,4
981,"simmons","dsimmonsr8@craigslist.org","2018-06-17",116767,"environmental tech",3,4
986,"ryan","hryanrd@networkadvertising.org","2023-06-20",115888,"librarian",6,4
988,"cole","ecolerf@scientificamerican.com","2014-11-28",117962,"accountant iii",7,4
12,"black","mblackb@edublogs.org","2021-10-07",44179,"data coordiator",7,5
29,"price","cprices@usa.gov","2015-01-20",95436,"quality engineer",3,5
40,"hawkins","phawkins13@twitpic.com","2020-01-30",76809,"quality engineer",6,5
47,"oliver","joliver1a@cnbc.com","2017-05-13",42797,"software engineer iii",5,5
79,"cunningham","acunningham26@simplemachines.org","2017-02-05",88345,"junior executive",6,5
108,"perkins","jperkins2z@prlog.org","2015-08-12",68344,"senior cost accountant",7,5
109,"freeman","bfreeman30@fda.gov","2021-11-29",147868,"general manager",6,5
115,"nguyen","rnguyen36@bandcamp.com","2018-11-09",58420,"graphic designer",1,5
119,"washington","wwashington3a@dot.gov","2019-01-25",148408,"speech pathologist",3,5
176,"fisher","rfisher4v@jigsy.com","2023-03-04",67942,"financial advisor",6,5
177,"ferguson","nferguson4w@networksolutions.com","2021-12-23",80397,"compensation analyst",1,5
185,"watson","rwatson54@webeden.co.uk","2019-12-08",74648,"health coach iii",2,5
231,"day","lday6e@usgs.gov","2023-03-11",87800,"sales associate",7,5
241,"rose","jrose6o@dion.ne.jp","2014-11-25",107207,"web developer ii",3,5
277,"richardson","lrichardson7o@fc2.com","2022-07-18",142403,"engineer iii",3,5
298,"berry","lberry89@gov.uk","2018-04-17",43067,"research assistant i",7,5
300,"arnold","barnold8b@thetimes.co.uk","2022-04-08",77635,"vp product management",3,5
312,"jordan","pjordan8n@adobe.com","2017-01-10",133498,"nuclear power engineer",7,5
325,"wright","kwright90@buzzfeed.com","2023-10-27",107727,"computer systems analyst i",2,5
365,"gonzales","jgonzalesa4@cpanel.net","2014-12-27",127393,"help desk technician",7,5
383,"young","pyoungam@theguardian.com","2016-01-28",104079,"systems administrator iv",4,5
391,"white","cwhiteau@amazon.de","2020-08-22",147702,"vp quality control",4,5
402,"marshall","emarshallb5@yahoo.co.jp","2014-12-29",93266,"recruiter",7,5
429,"ortiz","jortizbw@t.co","2021-05-15",75024,"structural analysis engineer",6,5
439,"boyd","eboydc6@unc.edu","2018-11-08",108854,"senior editor",4,5
449,"gray","tgraycg@fotki.com","2015-06-16",134205,"biostatistician i",4,5
515,"gomez","kgomezea@bloglovin.com","2022-11-20",55747,"human resources assistant i",1,5
521,"williamson","dwilliamsoneg@creativecommons.org","2021-09-02",118602,"director of sales",5,5
527,"richards","jrichardsem@1688.com","2019-02-06",69705,"senior developer",3,5
560,"kim","jkimfj@dropbox.com","2022-02-18",67845,"administrative officer",7,5
570,"james","rjamesft@jiathis.com","2018-10-09",136377,"software engineer i",7,5
576,"taylor","staylorfz@issuu.com","2019-09-16",50235,"assistant media planner",1,5
578,"lynch","hlynchg1@washingtonpost.com","2020-08-17",111318,"technical writer",3,5
604,"greene","agreenegr@cmu.edu","2022-11-12",104517,"research assistant iii",2,5
615,"alexander","falexanderh2@irs.gov","2022-05-15",72854,"marketing assistant",7,5
618,"phillips","wphillipsh5@economist.com","2020-10-19",128205,"sales representative",6,5
657,"reid","areidi8@wunderground.com","2021-10-13",65154,"sales representative",5,5
699,"price","bpriceje@icio.us","2015-05-02",133091,"vp accounting",7,5
711,"roberts","jrobertsjq@ed.gov","2021-09-19",80743,"geological engineer",4,5
722,"hill","khillk1@about.me","2022-02-09",73262,"information systems manager",5,5
732,"murray","amurraykb@blinklist.com","2018-04-14",50511,"senior cost accountant",3,5
735,"richards","jrichardske@hatena.ne.jp","2020-03-11",116333,"legal assistant",5,5
748,"elliott","delliottkr@dot.gov","2016-02-28",119097,"administrative assistant i",2,5
776,"olson","kolsonlj@friendfeed.com","2020-04-18",107535,"office assistant iii",7,5
789,"james","kjameslw@yellowbook.com","2022-05-30",130188,"structural analysis engineer",1,5
799,"sims","asimsm6@lycos.com","2022-01-16",146024,"actuary",7,5
847,"knight","dknightni@unc.edu","2022-08-07",91532,"operator",4,5
856,"roberts","trobertsnr@over-blog.com","2015-10-14",139714,"help desk operator",2,5
913,"kelley","mkelleypc@sourceforge.net","2020-04-03",116266,"marketing assistant",6,5
929,"rice","ericeps@reference.com","2022-06-05",66357,"cost accountant",3,5
955,"marshall","wmarshallqi@fastcompany.com","2022-10-14",59234,"vp product management",7,5
963,"burton","cburtonqq@github.io","2015-10-14",58697,"teacher",4,5
969,"richards","jrichardsqw@blog.com","2018-10-25",85294,"media manager i",4,5
7,"williamson","rwilliamson6@ted.com","2020-06-29",65889,"dental hygienist",6,6
14,"webb","awebbd@baidu.com","2020-09-25",59763,"software test engineer iii",4,6
42,"watkins","mwatkins15@wiley.com","2021-02-05",125668,"executive secretary",7,6
48,"johnson","jjohnson1b@usgs.gov","2015-05-08",134940,"financial advisor",4,6
53,"coleman","dcoleman1g@dedecms.com","2020-06-23",110839,"automation specialist i",1,6
107,"castillo","bcastillo2y@cornell.edu","2021-05-25",132634,"civil engineer",2,6
111,"austin","naustin32@discuz.net","2023-10-21",47494,"help desk operator",6,6
128,"gibson","tgibson3j@ucoz.com","2019-03-10",109449,"engineer ii",7,6
129,"grant","lgrant3k@live.com","2021-07-09",108441,"nurse",6,6
140,"wheeler","bwheeler3v@google.co.uk","2020-07-11",82358,"information systems manager",4,6
164,"robertson","trobertson4j@youtu.be","2017-05-03",106607,"automation specialist i",2,6
214,"west","gwest5x@hao123.com","2019-02-05",66084,"electrical engineer",6,6
223,"gibson","bgibson66@lulu.com","2017-06-06",105444,"human resources assistant ii",6,6
239,"williamson","jwilliamson6m@arizona.edu","2018-02-15",149085,"software engineer iii",7,6
253,"marshall","mmarshall70@hibu.com","2019-09-15",123401,"computer systems analyst i",4,6
259,"wallace","gwallace76@technorati.com","2016-05-13",47007,"internal auditor",3,6
265,"fox","wfox7c@yelp.com","2015-09-13",75862,"electrical engineer",5,6
314,"elliott","telliott8p@mozilla.org","2019-02-14",77921,"environmental specialist",7,6
318,"moore","jmoore8t@umich.edu","2017-07-24",139304,"help desk technician",3,6
322,"marshall","jmarshall8x@va.gov","2018-04-29",66063,"web designer iii",2,6
324,"stevens","astevens8z@si.edu","2017-02-12",106229,"research associate",4,6
328,"hanson","bhanson93@blinklist.com","2018-05-04",58719,"media manager i",4,6
390,"olson","aolsonat@cpanel.net","2017-12-05",86670,"web designer ii",2,6
399,"holmes","jholmesb2@uol.com.br","2023-03-28",88216,"accountant iii",3,6
408,"moore","jmoorebb@liveinternet.ru","2021-08-07",93954,"project manager",5,6
422,"torres","ctorresbp@yahoo.com","2015-01-24",118307,"employees accountant ii",1,6
425,"carpenter","lcarpenterbs@xrea.com","2022-09-25",125523,"financial advisor",7,6
434,"lee","rleec1@ibm.com","2021-10-12",98733,"payment adjustment coordinator",4,6
459,"robertson","erobertsoncq@prweb.com","2016-09-04",136406,"chemical engineer",7,6
465,"white","dwhitecw@exblog.jp","2019-12-25",122540,"administrative officer",2,6
477,"gonzalez","lgonzalezd8@fastcompany.com","2016-09-07",122231,"director of sales",5,6
484,"little","glittledf@xrea.com","2015-06-03",83093,"registered nurse",1,6
492,"evans","levansdn@house.gov","2019-04-27",106535,"employees scientist",1,6
493,"banks","bbanksdo@bravesites.com","2016-07-04",137025,"research nurse",5,6
502,"banks","gbanksdx@berkeley.edu","2023-07-12",136034,"product engineer",4,6
505,"walker","jwalkere0@oakley.com","2015-08-13",122108,"analog circuit design manager",7,6
508,"marshall","dmarshalle3@about.me","2023-09-09",90960,"software test engineer ii",7,6
517,"carpenter","lcarpenterec@technorati.com","2015-03-03",124418,"chief design engineer",7,6
530,"reyes","lreyesep@foxnews.com","2018-01-20",71559,"librarian",1,6
559,"murphy","jmurphyfi@naver.com","2018-08-19",88666,"senior editor",7,6
580,"weaver","kweaverg3@wikia.com","2019-08-28",54231,"accounting assistant ii",3,6
668,"burton","jburtonij@webmd.com","2020-11-09",46960,"financial advisor",4,6
677,"robertson","lrobertsonis@forbes.com","2019-05-16",136492,"compensation analyst",4,6
687,"gardner","agardnerj2@blogs.com","2020-03-31",49693,"chemical engineer",2,6
704,"burke","eburkejj@godaddy.com","2018-05-16",114690,"employees scientist",2,6
738,"hudson","chudsonkh@google.co.uk","2016-10-16",65083,"marketing assistant",6,6
763,"bell","dbelll6@wisc.edu","2024-01-10",122843,"accountant iv",2,6
830,"stewart","cstewartn1@hugedomains.com","2022-06-12",149336,"senior sales associate",1,6
936,"weaver","mweaverpz@delicious.com","2015-12-24",126307,"professor",4,6
960,"lane","glaneqn@google.fr","2021-09-24",47541,"payment adjustment coordinator",2,6
997,"reynolds","dreynoldsro@blogtalkradio.com","2019-07-03",120138,"statistician iv",1,6
19,"day","rdayi@chronoengine.com","2018-04-21",109890,"vp sales",3,7
76,"grant","egrant23@prlog.org","2017-04-06",49296,"software test engineer ii",6,7
93,"knight","nknight2k@cafepress.com","2015-02-02",125847,"chemical engineer",5,7
138,"montgomery","wmontgomery3t@taobao.com","2018-07-05",71082,"geologist iii",7,7
154,"russell","mrussell49@exblog.jp","2021-03-27",87422,"help desk operator",7,7
170,"martinez","cmartinez4p@facebook.com","2017-01-20",52808,"human resources assistant i",2,7
191,"woods","dwoods5a@businesswire.com","2019-11-24",148986,"structural analysis engineer",1,7
233,"gonzalez","rgonzalez6g@europa.eu","2023-10-26",44917,"biostatistician iv",5,7
276,"ellis","dellis7n@seesaa.net","2016-08-15",46259,"help desk technician",6,7
288,"moore","bmoore7z@twitpic.com","2019-01-18",102395,"account coordinator",6,7
303,"west","jwest8e@berkeley.edu","2015-08-28",76943,"general manager",7,7
305,"johnson","fjohnson8g@wikipedia.org","2022-02-05",135001,"recruiting manager",4,7
323,"robinson","rrobinson8y@businessinsider.com","2016-07-13",134422,"occupational therapist",4,7
338,"garrett","kgarrett9d@wordpress.com","2022-09-21",145181,"programmer analyst iii",1,7
340,"williams","jwilliams9f@canalblog.com","2016-03-26",90120,"biostatistician i",2,7
348,"thomas","athomas9n@answers.com","2020-01-11",90317,"health coach i",4,7
350,"hawkins","ahawkins9p@hud.gov","2015-02-03",144073,"programmer i",1,7
369,"lawrence","llawrencea8@mozilla.com","2023-12-23",44704,"data coordiator",2,7
377,"alexander","valexanderag@amazon.co.uk","2015-04-18",93245,"employees scientist",1,7
417,"hanson","shansonbk@ted.com","2023-06-19",97372,"systems administrator i",6,7
480,"miller","amillerdb@reddit.com","2021-09-13",78158,"programmer analyst i",5,7
519,"hamilton","chamiltonee@google.es","2019-05-28",141340,"budget/accounting analyst iii",4,7
544,"moore","mmooref3@oakley.com","2019-01-10",41697,"automation specialist i",7,7
556,"ferguson","mfergusonff@trellian.com","2023-02-21",73199,"payment adjustment coordinator",2,7
566,"lynch","mlynchfp@reverbnation.com","2019-08-25",67140,"systems administrator iii",3,7
571,"ortiz","eortizfu@java.com","2019-07-03",46247,"vp accounting",3,7
609,"fisher","dfishergw@myspace.com","2016-11-30",93995,"teacher",2,7
614,"ramirez","jramirezh1@php.net","2016-03-01",112929,"account coordinator",5,7
622,"wright","rwrighth9@jimdo.com","2019-01-18",98339,"assistant manager",3,7
647,"washington","mwashingtonhy@icio.us","2018-09-05",57092,"internal auditor",2,7
658,"gilbert","agilberti9@parallels.com","2020-02-23",61332,"marketing assistant",3,7
679,"stone","pstoneiu@narod.ru","2015-08-24",40218,"paralegal",2,7
689,"austin","aaustinj4@walmart.com","2018-05-17",62293,"administrative officer",4,7
716,"jacobs","bjacobsjv@thetimes.co.uk","2019-12-06",69855,"payment adjustment coordinator",4,7
743,"garza","agarzakm@miitbeian.gov.cn","2017-02-21",113278,"statistician iv",2,7
751,"kelley","ckelleyku@gravatar.com","2019-03-11",106602,"occupational therapist",2,7
753,"king","bkingkw@friendfeed.com","2018-09-27",149597,"structural analysis engineer",1,7
754,"mendoza","smendozakx@java.com","2019-04-03",57331,"occupational therapist",3,7
762,"stanley","cstanleyl5@springer.com","2022-12-06",103237,"account executive",7,7
784,"burns","aburnslr@squidoo.com","2017-10-12",102001,"developer iii",4,7
861,"foster","kfosternw@a8.net","2018-01-05",64381,"professor",7,7
884,"ford","bfordoj@spiegel.de","2019-10-23",80931,"cost accountant",1,7
906,"spencer","sspencerp5@mtv.com","2023-10-17",110881,"electrical engineer",1,7
908,"hanson","jhansonp7@1688.com","2022-11-14",144767,"executive secretary",5,7
943,"phillips","kphillipsq6@soup.io","2022-11-19",127171,"cost accountant",4,7
954,"cooper","ncooperqh@wp.com","2022-09-26",120108,"computer systems analyst ii",5,7
978,"hunt","ghuntr5@moonfruit.com","2015-01-19",93665,"health coach i",3,7
985,"stevens","hstevensrc@hugedomains.com","2016-06-23",118791,"safety technician iv",1,7
991,"turner","rturnerri@a8.net","2022-04-22",62286,"senior sales associate",2,7
15,"jacobs","ajacobse@google.it","2018-12-17",141139,"community outreach specialist",7,8
32,"torres","ltorresv@amazon.de","2023-11-14",78245,"nuclear power engineer",6,8
58,"baker","jbaker1l@usnews.com","2020-09-28",68857,"information systems manager",2,8
70,"jordan","ajordan1x@moonfruit.com","2023-03-03",93839,"database administrator iii",2,8
78,"medina","jmedina25@dot.gov","2021-05-01",114989,"marketing assistant",3,8
85,"williams","jwilliams2c@businesswire.com","2021-09-23",95542,"nurse",2,8
90,"thomas","tthomas2h@webnode.com","2024-02-05",55002,"research assistant iv",6,8
97,"williams","wwilliams2o@berkeley.edu","2020-01-16",79267,"vp quality control",7,8
101,"rivera","jrivera2s@oakley.com","2023-10-08",137281,"vp sales",3,8
130,"nichols","bnichols3l@dropbox.com","2021-02-11",145692,"recruiting manager",5,8
133,"martinez","dmartinez3o@deviantart.com","2014-10-31",124853,"systems administrator iii",2,8
141,"williamson","rwilliamson3w@amazon.co.jp","2020-06-19",145575,"vp accounting",1,8
183,"harrison","jharrison52@scientificamerican.com","2015-04-05",64410,"senior developer",2,8
192,"morales","jmorales5b@joomla.org","2017-01-04",101855,"engineer iv",4,8
205,"graham","jgraham5o@printfriendly.com","2016-02-13",109058,"chemical engineer",7,8
215,"stevens","estevens5y@salon.com","2016-08-19",106729,"occupational therapist",5,8
218,"ross","iross61@jimdo.com","2022-02-28",104671,"vp marketing",7,8
240,"spencer","wspencer6n@marriott.com","2018-12-30",143223,"employees accountant iv",6,8
286,"long","elong7x@nymag.com","2022-09-23",142529,"librarian",2,8
315,"smith","bsmith8q@mysql.com","2021-03-17",59580,"general manager",2,8
332,"garza","lgarza97@bing.com","2015-10-05",48064,"office assistant ii",5,8
386,"griffin","tgriffinap@reddit.com","2020-09-26",140567,"research associate",2,8
414,"peterson","epetersonbh@reverbnation.com","2015-03-04",72505,"registered nurse",3,8
433,"parker","dparkerc0@webeden.co.uk","2020-01-01",114919,"database administrator iii",7,8
466,"carroll","fcarrollcx@ucoz.ru","2016-08-23",128562,"senior developer",7,8
537,"webb","rwebbew@twitter.com","2019-09-21",63836,"occupational therapist",1,8
540,"matthews","lmatthewsez@edublogs.org","2019-06-04",89114,"gis technical architect",5,8
575,"bowman","abowmanfy@devhub.com","2020-03-12",75399,"vp quality control",7,8
638,"walker","bwalkerhp@dropbox.com","2020-11-05",134488,"software consultant",1,8
675,"snyder","ssnyderiq@vkontakte.ru","2023-03-07",143846,"web developer iii",3,8
680,"simmons","gsimmonsiv@cocolog-nifty.com","2017-09-21",60695,"chemical engineer",2,8
683,"torres","jtorresiy@4shared.com","2017-05-07",135886,"assistant media planner",3,8
696,"anderson","dandersonjb@linkedin.com","2019-07-28",92640,"executive secretary",7,8
703,"hernandez","ahernandezji@ucoz.ru","2023-11-16",119787,"speech pathologist",1,8
714,"cooper","kcooperjt@salon.com","2017-10-26",86446,"statistician ii",4,8
715,"henry","rhenryju@answers.com","2020-01-01",132421,"human resources manager",1,8
757,"evans","aevansl0@nba.com","2016-06-18",122595,"automation specialist i",6,8
770,"burton","jburtonld@delicious.com","2019-11-17",140688,"programmer analyst iii",3,8
780,"cox","dcoxln@studiopress.com","2015-03-20",135719,"database administrator i",5,8
793,"kelly","akellym0@unblog.fr","2019-02-19",120086,"professor",6,8
808,"mills","jmillsmf@seesaa.net","2022-03-17",79031,"electrical engineer",3,8
832,"turner","hturnern3@tumblr.com","2020-05-29",127875,"accountant iii",7,8
834,"cox","kcoxn5@dyndns.org","2021-04-30",149221,"senior financial analyst",2,8
836,"vasquez","svasquezn7@1und1.de","2018-07-15",125378,"senior developer",4,8
889,"jackson","ajacksonoo@slate.com","2023-09-07",41516,"nurse",1,8
957,"franklin","cfranklinqk@dyndns.org","2018-02-16",42347,"vp product management",3,8
965,"butler","sbutlerqs@ow.ly","2015-04-06",115541,"pharmacist",6,8
996,"james","tjamesrn@soundcloud.com","2020-03-21",78433,"accountant ii",7,8
998,"walker","kwalkerrp@unicef.org","2020-09-05",60363,"account coordinator",1,8
24,"kelly","ekellyn@weibo.com","2019-05-04",144965,"nurse practicioner",2,9
38,"williamson","dwilliamson11@rediff.com","2018-12-16",82026,"nurse",2,9
56,"watkins","kwatkins1j@youtu.be","2022-08-01",93680,"vp accounting",3,9
64,"cooper","tcooper1r@umich.edu","2019-05-28",139796,"office assistant iv",1,9
123,"griffin","agriffin3e@mtv.com","2015-09-11",101875,"business systems development analyst",4,9
158,"chavez","mchavez4d@baidu.com","2017-01-05",128766,"desktop support technician",2,9
163,"robertson","jrobertson4i@live.com","2019-02-19",96996,"software test engineer i",4,9
179,"reynolds","rreynolds4y@miitbeian.gov.cn","2017-03-18",121836,"vp accounting",7,9
181,"shaw","sshaw50@instagram.com","2016-10-04",56923,"social worker",2,9
248,"white","jwhite6v@tripadvisor.com","2019-01-09",118834,"financial analyst",6,9
274,"bennett","abennett7l@guardian.co.uk","2023-10-14",125713,"account representative iii",3,9
278,"ortiz","wortiz7p@reddit.com","2016-11-19",88165,"librarian",4,9
279,"clark","mclark7q@privacy.gov.au","2015-10-19",86291,"dental hygienist",7,9
285,"hunter","rhunter7w@buzzfeed.com","2022-09-30",62441,"environmental specialist",3,9
307,"cunningham","acunningham8i@wikimedia.org","2022-04-08",139302,"engineer iv",5,9
320,"gilbert","egilbert8v@nydailynews.com","2017-08-31",52430,"assistant media planner",5,9
349,"crawford","acrawford9o@cpanel.net","2018-11-12",142149,"compensation analyst",2,9
361,"rice","dricea0@hubpages.com","2024-01-22",144724,"senior quality engineer",7,9
387,"burke","mburkeaq@360.cn","2016-10-16",95726,"registered nurse",4,9
474,"reed","creedd5@bloglines.com","2023-07-08",144953,"registered nurse",7,9
489,"parker","lparkerdk@salon.com","2022-02-16",78109,"research nurse",5,9
498,"gutierrez","jgutierrezdt@woothemes.com","2023-06-10",106994,"technical writer",3,9
513,"carter","mcartere8@twitpic.com","2014-09-28",70814,"account representative i",4,9
529,"meyer","lmeyereo@storify.com","2016-07-19",52956,"senior developer",3,9
579,"barnes","jbarnesg2@hubpages.com","2024-02-13",100763,"database administrator i",7,9
585,"lopez","nlopezg8@fema.gov","2015-07-30",138776,"senior editor",2,9
626,"ruiz","sruizhd@slashdot.org","2017-11-01",83706,"assistant media planner",2,9
632,"lopez","clopezhj@mediafire.com","2021-04-28",86207,"accountant ii",4,9
682,"scott","kscottix@ycombinator.com","2022-10-29",50057,"account executive",2,9
693,"carr","hcarrj8@latimes.com","2023-10-02",143570,"actuary",4,9
698,"cook","tcookjd@blinklist.com","2016-02-14",97351,"health coach i",4,9
700,"stone","tstonejf@com.com","2020-10-30",100746,"vp quality control",6,9
759,"vasquez","jvasquezl2@edublogs.org","2018-04-03",127695,"systems administrator i",7,9
771,"clark","rclarkle@ted.com","2016-05-19",51792,"software consultant",4,9
786,"willis","jwillislt@instagram.com","2015-02-09",123427,"general manager",4,9
795,"hansen","dhansenm2@thetimes.co.uk","2018-03-22",79952,"compensation analyst",4,9
798,"kim","akimm5@vimeo.com","2024-02-01",83798,"technical writer",5,9
815,"burton","rburtonmm@ow.ly","2021-08-27",80763,"community outreach specialist",3,9
843,"ross","rrossne@salon.com","2023-05-14",62534,"senior editor",3,9
855,"perry","eperrynq@imdb.com","2021-04-20",75125,"vp marketing",7,9
910,"reyes","freyesp9@ft.com","2016-12-22",148860,"product engineer",4,9
925,"phillips","dphillipspo@adobe.com","2020-10-28",127367,"recruiting manager",4,9
930,"hansen","jhansenpt@slate.com","2021-02-01",129746,"geological engineer",1,9
932,"reyes","lreyespv@tuttocitta.it","2016-05-23",134114,"accounting assistant iv",2,9
941,"cunningham","gcunninghamq4@webmd.com","2015-06-16",73565,"mechanical systems engineer",7,9
964,"ramos","mramosqr@is.gd","2015-05-02",127268,"nurse practicioner",4,9
975,"fowler","kfowlerr2@wp.com","2018-02-24",88439,"media manager iii",2,9
5,"ellis","jellis4@sciencedirect.com","2018-04-26",63702,"software engineer iii",7,10
63,"young","hyoung1q@cisco.com","2019-07-03",138844,"mechanical systems engineer",6,10
67,"mills","jmills1u@printfriendly.com","2015-01-27",114200,"senior sales associate",7,10
104,"adams","eadams2v@yandex.ru","2016-11-05",78736,"financial analyst",6,10
114,"sims","msims35@i2i.jp","2018-11-15",136790,"nuclear power engineer",2,10
124,"chavez","mchavez3f@sohu.com","2017-01-13",144028,"executive secretary",6,10
175,"daniels","cdaniels4u@rambler.ru","2018-12-26",77307,"biostatistician iv",7,10
188,"rose","erose57@guardian.co.uk","2015-03-02",120225,"editor",7,10
203,"moreno","jmoreno5m@xing.com","2018-12-16",112004,"internal auditor",7,10
208,"gilbert","rgilbert5r@domainmarket.com","2015-04-28",67746,"director of sales",2,10
222,"snyder","asnyder65@soundcloud.com","2016-03-29",124215,"recruiting manager",2,10
254,"lawrence","alawrence71@unicef.org","2016-11-06",131681,"account executive",7,10
268,"bowman","hbowman7f@reddit.com","2017-12-07",50623,"biostatistician iii",7,10
290,"carter","scarter81@cargocollective.com","2021-12-19",120800,"accountant iii",5,10
301,"myers","amyers8c@ibm.com","2022-07-14",148993,"speech pathologist",1,10
317,"tucker","htucker8s@photobucket.com","2023-01-05",104844,"structural analysis engineer",3,10
356,"stephens","estephens9v@bbc.co.uk","2023-11-01",147440,"sales associate",2,10
362,"burke","jburkea1@mayoclinic.com","2020-05-10",147290,"analyst programmer",6,10
438,"moreno","bmorenoc5@addtoany.com","2021-09-01",79980,"recruiter",5,10
470,"rice","triced1@examiner.com","2015-10-09",108380,"data coordiator",5,10
479,"nelson","lnelsonda@example.com","2015-10-23",56465,"programmer iv",6,10
497,"jenkins","bjenkinsds@kickstarter.com","2020-11-30",80027,"vp sales",3,10
514,"peters","gpeterse9@people.com.cn","2019-05-22",132037,"web developer iv",6,10
518,"peters","cpetersed@goo.ne.jp","2017-02-21",138093,"human resources assistant i",3,10
574,"pierce","dpiercefx@marketwatch.com","2020-07-25",45534,"senior sales associate",1,10
590,"allen","rallengd@cnet.com","2021-06-29",132998,"business systems development analyst",3,10
595,"price","rpricegi@flavors.me","2018-10-17",66180,"employees scientist",5,10
605,"stephens","estephensgs@phoca.cz","2021-06-16",110366,"research nurse",6,10
627,"watkins","swatkinshe@wunderground.com","2017-07-27",80245,"vp product management",6,10
644,"carroll","jcarrollhv@over-blog.com","2018-10-13",52956,"compensation analyst",7,10
650,"frazier","rfrazieri1@github.com","2022-11-02",44919,"quality engineer",7,10
694,"chavez","rchavezj9@uiuc.edu","2016-09-02",116894,"chief design engineer",6,10
756,"fox","dfoxkz@foxnews.com","2019-04-17",80417,"assistant media planner",7,10
779,"gonzalez","mgonzalezlm@illinois.edu","2020-12-17",148106,"sales representative",2,10
813,"collins","dcollinsmk@salon.com","2021-03-03",85647,"speech pathologist",6,10
824,"morris","mmorrismv@tumblr.com","2022-04-23",72008,"gis technical architect",2,10
826,"garcia","cgarciamx@vistaprint.com","2022-11-06",131075,"help desk operator",2,10
849,"rice","kricenk@cyberchimps.com","2023-08-06",68034,"senior financial analyst",4,10
862,"stanley","bstanleynx@phoca.cz","2018-02-28",149929,"director of sales",6,10
883,"george","lgeorgeoi@jigsy.com","2021-11-13",66059,"software test engineer iv",5,10
893,"dixon","jdixonos@msu.edu","2014-11-30",68684,"employees scientist",3,10
916,"payne","bpaynepf@cbsnews.com","2020-05-25",45486,"gis technical architect",1,10
923,"white","jwhitepm@elpais.com","2016-02-01",122130,"project manager",1,10
940,"turner","lturnerq3@ycombinator.com","2020-03-04",146952,"dental hygienist",2,10
953,"edwards","pedwardsqg@cnbc.com","2017-07-04",115360,"social worker",6,10
956,"austin","saustinqj@vimeo.com","2015-03-07",76812,"biostatistician iii",7,10
59,"garcia","vgarcia1m@deviantart.com","2016-12-17",48360,"registered nurse",6,11
89,"webb","awebb2g@springer.com","2016-11-13",73686,"tax accountant",2,11
102,"matthews","kmatthews2t@oaic.gov.au","2018-07-18",114970,"statistician iv",2,11
150,"diaz","pdiaz45@who.int","2020-05-04",128748,"web developer iii",1,11
161,"cruz","mcruz4g@dedecms.com","2023-12-02",131479,"senior cost accountant",7,11
162,"sullivan","jsullivan4h@cloudflare.com","2015-03-03",103182,"accounting assistant i",2,11
190,"powell","hpowell59@geocities.com","2015-07-07",120577,"web designer iii",1,11
226,"gonzalez","tgonzalez69@umich.edu","2019-07-29",106833,"registered nurse",7,11
242,"robinson","probinson6p@ucla.edu","2023-01-18",137594,"operator",6,11
260,"fuller","ffuller77@ustream.tv","2015-12-24",142967,"gis technical architect",5,11
283,"george","ageorge7u@1und1.de","2023-06-25",47450,"automation specialist i",1,11
284,"murray","kmurray7v@ca.gov","2018-11-13",142255,"quality engineer",4,11
293,"castillo","pcastillo84@1688.com","2015-04-11",86070,"clinical specialist",3,11
308,"lynch","slynch8j@123-reg.co.uk","2023-05-13",126683,"librarian",4,11
364,"ryan","rryana3@twitter.com","2019-08-24",83252,"civil engineer",3,11
400,"harrison","jharrisonb3@google.de","2019-12-10",86046,"nuclear power engineer",5,11
413,"brooks","lbrooksbg@storify.com","2022-03-03",94502,"executive secretary",1,11
419,"dixon","jdixonbm@indiatimes.com","2017-03-13",104224,"clinical specialist",5,11
435,"ellis","kellisc2@cafepress.com","2018-12-13",139775,"chemical engineer",1,11
446,"kennedy","pkennedycd@google.cn","2022-01-14",80137,"business systems development analyst",2,11
509,"gonzalez","rgonzaleze4@furl.net","2018-05-19",43986,"geologist iv",3,11
523,"johnston","ajohnstonei@php.net","2017-12-04",143855,"internal auditor",5,11
524,"edwards","pedwardsej@businessinsider.com","2015-12-31",43431,"physical therapy assistant",6,11
564,"martinez","amartinezfn@people.com.cn","2023-03-24",99508,"vp quality control",5,11
601,"lopez","blopezgo@sourceforge.net","2017-10-04",125944,"office assistant ii",2,11
608,"garza","hgarzagv@webmd.com","2016-07-04",73553,"accountant iv",6,11
610,"hicks","hhicksgx@ifeng.com","2016-10-11",45270,"vp marketing",7,11
612,"fowler","cfowlergz@joomla.org","2016-07-30",142211,"software test engineer iv",4,11
617,"mills","hmillsh4@lulu.com","2020-04-06",49410,"account representative ii",1,11
641,"hayes","rhayeshs@loc.gov","2022-08-19",69454,"web designer ii",1,11
651,"freeman","tfreemani2@soundcloud.com","2018-08-25",55034,"administrative officer",4,11
665,"garcia","pgarciaig@macromedia.com","2016-04-14",135132,"research assistant iii",7,11
673,"thomas","lthomasio@pagesperso-orange.fr","2021-07-25",51782,"operator",6,11
718,"armstrong","darmstrongjx@cafepress.com","2019-08-05",66447,"account coordinator",2,11
721,"smith","hsmithk0@4shared.com","2017-02-12",83802,"research assistant ii",7,11
737,"price","bpricekg@xinhuanet.com","2023-05-21",142794,"recruiting manager",1,11
797,"ramos","aramosm4@issuu.com","2023-07-28",49667,"help desk technician",6,11
810,"foster","lfostermh@blog.com","2018-11-29",138478,"software test engineer iv",4,11
822,"gonzalez","jgonzalezmt@nsw.gov.au","2021-02-05",107240,"financial analyst",4,11
829,"parker","bparkern0@weibo.com","2023-12-04",89503,"research associate",2,11
839,"richardson","trichardsonna@cbsnews.com","2019-10-24",145962,"cost accountant",3,11
859,"clark","mclarknu@bigcartel.com","2019-03-27",112510,"information systems manager",4,11
871,"hanson","thansono6@paginegialle.it","2023-11-28",133492,"accountant ii",3,11
875,"jenkins","rjenkinsoa@answers.com","2018-04-22",115911,"civil engineer",7,11
962,"hayes","ahayesqp@npr.org","2019-03-25",48339,"engineer iii",5,11
994,"hamilton","rhamiltonrl@skype.com","2021-12-31",141375,"desktop support technician",7,11
18,"nguyen","jnguyenh@google.com","2018-04-22",93804,"geologist ii",5,12
26,"porter","vporterp@yelp.com","2019-06-19",90746,"dental hygienist",2,12
27,"owens","cowensq@shareasale.com","2020-07-10",78698,"executive secretary",2,12
37,"cruz","rcruz10@blinklist.com","2015-05-16",61739,"quality engineer",1,12
49,"crawford","hcrawford1c@dell.com","2017-08-05",119471,"editor",6,12
74,"washington","jwashington21@squidoo.com","2017-08-04",47206,"programmer iii",3,12
82,"gilbert","hgilbert29@xrea.com","2019-08-17",93712,"junior executive",7,12
132,"montgomery","rmontgomery3n@chicagotribune.com","2020-06-24",63929,"research assistant iv",5,12
153,"carroll","jcarroll48@cisco.com","2015-12-27",110622,"safety technician iv",4,12
189,"anderson","banderson58@wsj.com","2017-12-01",122272,"environmental specialist",2,12
201,"andrews","jandrews5k@free.fr","2022-09-26",48684,"nurse practicioner",6,12
217,"boyd","mboyd60@jimdo.com","2018-04-05",128765,"senior financial analyst",2,12
221,"diaz","sdiaz64@disqus.com","2021-11-30",55077,"registered nurse",7,12
243,"gutierrez","kgutierrez6q@bravesites.com","2016-03-11",139845,"director of sales",4,12
257,"freeman","gfreeman74@bloomberg.com","2022-12-13",83804,"operator",1,12
267,"murphy","dmurphy7e@patch.com","2017-04-27",146432,"vp quality control",2,12
289,"sanders","csanders80@blog.com","2022-10-10",44593,"engineer iii",2,12
313,"gibson","bgibson8o@pen.io","2018-04-18",81273,"health coach ii",4,12
319,"crawford","mcrawford8u@parallels.com","2015-12-28",140996,"software engineer iv",3,12
336,"campbell","pcampbell9b@istockphoto.com","2016-06-19",40415,"food chemist",4,12
341,"ellis","cellis9g@ibm.com","2023-08-15",80284,"vp accounting",3,12
352,"moreno","smoreno9r@slate.com","2017-12-12",107907,"financial advisor",5,12
353,"gonzales","jgonzales9s@sourceforge.net","2023-08-11",91249,"mechanical systems engineer",2,12
370,"austin","eaustina9@answers.com","2019-10-28",110627,"teacher",7,12
376,"harper","charperaf@google.pl","2022-09-29",47281,"vp quality control",6,12
382,"payne","jpayneal@comsenz.com","2021-12-03",92879,"nurse",2,12
398,"cooper","scooperb1@cmu.edu","2020-09-15",68584,"quality engineer",2,12
403,"chapman","schapmanb6@nhs.uk","2015-02-27",69702,"food chemist",1,12
409,"williams","swilliamsbc@bing.com","2021-06-26",58235,"analog circuit design manager",6,12
418,"morales","dmoralesbl@mit.edu","2016-01-20",149598,"vp product management",3,12
424,"berry","jberrybr@discuz.net","2023-08-22",148640,"internal auditor",4,12
447,"brooks","cbrooksce@washingtonpost.com","2019-12-26",79724,"developer iv",7,12
506,"cox","ncoxe1@1und1.de","2022-06-19",49048,"sales associate",1,12
531,"hudson","rhudsoneq@fotki.com","2020-11-08",143226,"food chemist",7,12
535,"morris","rmorriseu@yahoo.com","2018-06-26",131662,"help desk operator",3,12
543,"walker","kwalkerf2@vinaora.com","2015-04-24",120085,"human resources assistant iii",6,12
567,"myers","dmyersfq@amazon.com","2022-01-13",139060,"assistant professor",7,12
568,"day","kdayfr@wix.com","2018-08-16",135993,"geologist iv",4,12
586,"olson","folsong9@acquirethisname.com","2017-03-28",110411,"compensation analyst",3,12
593,"evans","aevansgg@wordpress.org","2022-11-09",94980,"financial advisor",4,12
681,"butler","dbutleriw@discuz.net","2016-06-09",47994,"senior quality engineer",4,12
688,"cruz","kcruzj3@shinystat.com","2016-11-08",90829,"recruiter",6,12
706,"mendoza","rmendozajl@g.co","2021-07-07",91655,"cost accountant",5,12
726,"welch","dwelchk5@mapquest.com","2023-04-15",49463,"research nurse",1,12
731,"ferguson","gfergusonka@geocities.jp","2024-02-20",70524,"vp accounting",2,12
733,"diaz","jdiazkc@china.com.cn","2014-09-28",58847,"community outreach specialist",4,12
752,"gonzales","rgonzaleskv@meetup.com","2016-10-02",95810,"food chemist",4,12
761,"burke","eburkel4@newsvine.com","2015-10-31",106033,"quality control specialist",1,12
790,"murray","cmurraylx@icio.us","2018-03-01",97607,"accountant iv",3,12
896,"carpenter","rcarpenterov@pagesperso-orange.fr","2020-02-10",134813,"health coach i",7,12
938,"jones","djonesq1@tamu.edu","2018-03-26",73668,"environmental specialist",2,12
980,"sanchez","tsanchezr7@lycos.com","2016-08-27",83704,"editor",5,12
21,"bryant","sbryantk@wunderground.com","2021-02-20",78052,"software consultant",3,13
83,"george","ageorge2a@gmpg.org","2018-09-14",86373,"compensation analyst",7,13
116,"wells","awells37@theatlantic.com","2017-02-21",73813,"occupational therapist",3,13
142,"burton","gburton3x@umich.edu","2014-12-05",105810,"recruiter",5,13
156,"hayes","ahayes4b@guardian.co.uk","2019-02-12",52298,"analyst programmer",7,13
160,"gutierrez","cgutierrez4f@usnews.com","2023-10-06",85012,"financial analyst",1,13
166,"meyer","kmeyer4l@bloglovin.com","2020-01-02",87097,"safety technician iv",7,13
182,"gomez","rgomez51@baidu.com","2019-06-15",76932,"legal assistant",5,13
193,"stanley","dstanley5c@is.gd","2020-05-11",140850,"financial analyst",4,13
198,"sanders","esanders5h@ihg.com","2016-03-01",117905,"dental hygienist",4,13
230,"ford","sford6d@flavors.me","2015-10-16",138459,"geological engineer",1,13
246,"ellis","tellis6t@squarespace.com","2020-10-18",134074,"product engineer",6,13
264,"sanders","ksanders7b@pinterest.com","2024-01-19",102211,"senior cost accountant",3,13
330,"dunn","cdunn95@ft.com","2016-05-15",68334,"administrative officer",7,13
333,"garza","pgarza98@go.com","2022-07-25",75281,"data coordiator",7,13
334,"mills","fmills99@ameblo.jp","2021-05-09",91659,"vp accounting",4,13
366,"jacobs","bjacobsa5@domainmarket.com","2015-12-02",67186,"research nurse",1,13
375,"hudson","mhudsonae@ihg.com","2022-01-25",88029,"help desk operator",4,13
380,"turner","bturneraj@samsung.com","2020-11-17",91182,"compensation analyst",5,13
405,"morgan","dmorganb8@moonfruit.com","2014-12-24",101945,"web developer i",2,13
443,"powell","cpowellca@samsung.com","2017-12-03",80491,"gis technical architect",7,13
456,"watson","swatsoncn@wufoo.com","2017-11-25",115679,"editor",2,13
462,"perry","rperryct@answers.com","2017-04-13",56382,"executive secretary",3,13
494,"sullivan","ksullivandp@ucoz.com","2024-01-21",71663,"analog circuit design manager",3,13
500,"rodriguez","drodriguezdv@histats.com","2022-09-14",91994,"actuary",5,13
504,"weaver","mweaverdz@ft.com","2016-10-03",131283,"employees scientist",4,13
511,"medina","tmedinae6@g.co","2018-08-04",102149,"sales representative",5,13
520,"owens","sowensef@ted.com","2016-01-15",54672,"structural engineer",4,13
533,"castillo","dcastilloes@cocolog-nifty.com","2018-04-03",72001,"automation specialist iv",2,13
547,"moreno","bmorenof6@vkontakte.ru","2020-08-10",140858,"cost accountant",7,13
594,"chapman","schapmangh@arstechnica.com","2018-08-30",125843,"web designer ii",4,13
606,"parker","rparkergt@1688.com","2020-12-10",136917,"assistant professor",4,13
636,"wheeler","lwheelerhn@skyrock.com","2016-07-03",69564,"senior editor",6,13
707,"perry","jperryjm@home.pl","2016-04-28",124296,"developer iii",1,13
724,"elliott","delliottk3@who.int","2016-06-11",125115,"senior quality engineer",3,13
746,"baker","bbakerkp@list-manage.com","2022-06-02",145283,"payment adjustment coordinator",1,13
755,"tucker","ctuckerky@1688.com","2022-01-06",49113,"business systems development analyst",7,13
777,"sims","jsimslk@angelfire.com","2020-05-13",95548,"sales associate",3,13
792,"mccoy","jmccoylz@samsung.com","2015-01-12",95787,"engineer iv",2,13
807,"gibson","hgibsonme@ox.ac.uk","2018-03-09",148816,"operator",4,13
819,"murray","jmurraymq@spiegel.de","2019-11-11",83237,"editor",4,13
878,"williamson","pwilliamsonod@utexas.edu","2022-03-19",80102,"graphic designer",2,13
895,"moore","kmooreou@slate.com","2022-06-03",40194,"environmental specialist",5,13
898,"lee","kleeox@nature.com","2021-07-24",115085,"senior quality engineer",7,13
939,"austin","kaustinq2@soup.io","2019-05-25",48840,"product engineer",1,13
966,"kelly","ckellyqt@canalblog.com","2015-08-17",54876,"research associate",2,13
999,"kennedy","lkennedyrq@edublogs.org","2020-04-03",48050,"graphic designer",2,13
4,"murray","jmurray3@gov.uk","2022-09-15",96897,"desktop support technician",3,14
9,"james","rjames8@prnewswire.com","2023-05-29",108657,"sales associate",2,14
11,"jacobs","jjacobsa@sbwire.com","2018-03-07",121966,"community outreach specialist",7,14
23,"chapman","jchapmanm@archive.org","2017-03-25",126103,"senior developer",4,14
139,"hart","rhart3u@wsj.com","2016-02-18",119773,"pharmacist",3,14
168,"burns","pburns4n@networksolutions.com","2019-05-31",88093,"editor",7,14
216,"howard","dhoward5z@soundcloud.com","2019-07-27",87269,"general manager",4,14
236,"tucker","jtucker6j@dailymail.co.uk","2016-11-26",83543,"programmer ii",5,14
251,"duncan","pduncan6y@sina.com.cn","2020-04-10",47439,"tax accountant",7,14
266,"burke","cburke7d@ameblo.jp","2022-03-20",61446,"environmental specialist",2,14
326,"castillo","bcastillo91@hc360.com","2021-01-06",130188,"social worker",3,14
339,"hudson","rhudson9e@geocities.com","2021-01-02",78294,"software consultant",4,14
373,"sims","jsimsac@a8.net","2022-11-14",86524,"developer iv",5,14
379,"hicks","ghicksai@weibo.com","2015-12-28",63735,"vp accounting",6,14
412,"vasquez","jvasquezbf@dailymail.co.uk","2023-03-24",94596,"web developer i",1,14
423,"walker","awalkerbq@wsj.com","2020-07-17",145281,"vp accounting",4,14
432,"murphy","nmurphybz@jiathis.com","2021-10-27",46653,"registered nurse",4,14
436,"bishop","abishopc3@e-recht24.de","2022-05-07",69559,"programmer analyst iii",3,14
457,"cole","bcoleco@parallels.com","2014-09-28",133040,"research associate",6,14
468,"ross","grosscz@blogtalkradio.com","2018-11-15",93609,"environmental specialist",6,14
481,"moore","kmooredc@simplemachines.org","2022-03-14",62815,"compensation analyst",4,14
522,"flores","lfloreseh@tinyurl.com","2022-03-02",97745,"electrical engineer",7,14
546,"fox","mfoxf5@jimdo.com","2020-11-04",59294,"senior editor",6,14
565,"pierce","jpiercefo@cnet.com","2023-01-10",55726,"geologist iii",7,14
582,"ramirez","hramirezg5@merriam-webster.com","2014-12-27",58111,"research associate",5,14
596,"ford","jfordgj@nyu.edu","2018-02-23",88854,"account representative i",4,14
603,"webb","lwebbgq@last.fm","2023-04-09",127569,"analyst programmer",7,14
628,"diaz","rdiazhf@nih.gov","2022-05-22",65110,"compensation analyst",5,14
629,"watkins","mwatkinshg@bbb.org","2021-10-22",128617,"senior editor",4,14
640,"washington","hwashingtonhr@bbc.co.uk","2024-01-10",44096,"geologist iv",4,14
643,"johnston","cjohnstonhu@psu.edu","2015-10-01",123820,"computer systems analyst iv",4,14
652,"rivera","criverai3@github.io","2020-07-14",60396,"senior quality engineer",7,14
684,"hall","lhalliz@smh.com.au","2016-01-28",77924,"senior sales associate",7,14
701,"williams","jwilliamsjg@rediff.com","2022-08-13",101599,"developer ii",7,14
712,"torres","dtorresjr@state.tx.us","2016-03-23",105686,"senior developer",6,14
720,"rice","hricejz@blinklist.com","2023-02-23",57781,"dental hygienist",4,14
729,"banks","hbanksk8@nifty.com","2020-02-09",119747,"graphic designer",5,14
749,"parker","aparkerks@godaddy.com","2017-11-27",60498,"accountant i",4,14
811,"harrison","eharrisonmi@cdbaby.com","2015-01-19",41026,"professor",1,14
814,"hayes","shayesml@usda.gov","2015-10-27",49457,"compensation analyst",4,14
821,"riley","rrileyms@uiuc.edu","2016-05-23",149114,"business systems development analyst",7,14
837,"cole","wcolen8@php.net","2018-07-06",66420,"clinical specialist",7,14
846,"moreno","dmorenonh@webs.com","2024-02-26",63133,"clinical specialist",5,14
945,"lee","pleeq8@noaa.gov","2014-11-14",117147,"employees accountant iii",1,14
984,"williams","hwilliamsrb@webnode.com","2018-06-12",91608,"employees scientist",5,14
995,"wood","kwoodrm@indiegogo.com","2015-04-07",83404,"pharmacist",2,14
17,"morgan","dmorgang@123-reg.co.uk","2023-06-23",148952,"programmer iv",6,15
52,"snyder","ssnyder1f@ca.gov","2022-04-12",141678,"design engineer",3,15
84,"hughes","mhughes2b@youtube.com","2018-02-24",122110,"structural engineer",6,15
98,"freeman","lfreeman2p@tiny.cc","2017-01-13",109154,"accountant i",4,15
106,"gardner","rgardner2x@theguardian.com","2023-08-29",47879,"product engineer",5,15
135,"hicks","ahicks3q@pcworld.com","2016-09-12",58675,"technical writer",3,15
211,"fowler","afowler5u@parallels.com","2023-09-07",43097,"associate professor",2,15
232,"peterson","apeterson6f@sina.com.cn","2021-01-29",52572,"compensation analyst",7,15
245,"webb","swebb6s@people.com.cn","2017-06-04",142988,"marketing manager",6,15
249,"miller","jmiller6w@businesswire.com","2018-02-09",85559,"pharmacist",2,15
255,"lynch","rlynch72@sitemeter.com","2017-12-06",96118,"social worker",5,15
261,"bennett","jbennett78@surveymonkey.com","2019-02-04",71433,"food chemist",4,15
280,"chavez","rchavez7r@youtu.be","2016-08-20",139163,"legal assistant",5,15
296,"edwards","aedwards87@webeden.co.uk","2015-09-18",93962,"employees scientist",3,15
346,"freeman","lfreeman9l@cpanel.net","2019-08-09",149351,"design engineer",7,15
368,"rivera","driveraa7@typepad.com","2022-12-10",60688,"paralegal",1,15
372,"harper","rharperab@china.com.cn","2016-01-04",96163,"safety technician iv",3,15
396,"kelly","bkellyaz@bandcamp.com","2015-06-30",143433,"web developer ii",1,15
411,"hayes","chayesbe@usnews.com","2019-03-12",110615,"paralegal",6,15
426,"graham","tgrahambt@mediafire.com","2017-03-13",49503,"occupational therapist",5,15
469,"hicks","rhicksd0@histats.com","2023-06-12",97913,"occupational therapist",3,15
485,"austin","caustindg@pen.io","2019-06-20",90797,"help desk operator",1,15
486,"young","fyoungdh@npr.org","2020-09-26",78755,"desktop support technician",5,15
487,"fox","hfoxdi@acquirethisname.com","2018-08-29",128726,"business systems development analyst",3,15
536,"castillo","acastilloev@cnet.com","2019-10-09",55730,"speech pathologist",7,15
545,"lynch","jlynchf4@jimdo.com","2021-01-05",44093,"health coach iv",5,15
557,"frazier","dfrazierfg@twitter.com","2017-08-28",111244,"environmental specialist",6,15
621,"reynolds","nreynoldsh8@redcross.org","2022-08-16",111427,"programmer i",4,15
740,"long","jlongkj@dailymail.co.uk","2018-09-23",98502,"structural analysis engineer",7,15
747,"carroll","mcarrollkq@whitehouse.gov","2016-06-19",82674,"junior executive",4,15
769,"kelly","jkellylc@linkedin.com","2021-05-15",132676,"dental hygienist",4,15
841,"sullivan","ssullivannc@clickbank.net","2017-10-28",76731,"accounting assistant ii",2,15
845,"washington","iwashingtonng@freewebs.com","2016-04-16",109828,"vp quality control",6,15
850,"kelley","pkelleynl@biglobe.ne.jp","2017-02-18",55214,"senior quality engineer",2,15
872,"hall","thallo7@hud.gov","2016-09-20",112126,"information systems manager",3,15
928,"young","lyoungpr@psu.edu","2017-11-09",62799,"operator",1,15
970,"james","pjamesqx@nymag.com","2023-06-14",54470,"accounting assistant iv",2,15
990,"thomas","lthomasrh@elegantthemes.com","2021-08-01",76229,"business systems development analyst",4,15
10,"sanchez","rsanchez9@cloudflare.com","2016-02-12",108093,"sales representative",1,16
20,"carr","dcarrj@ocn.ne.jp","2015-12-30",115274,"vp quality control",5,16
33,"greene","wgreenew@blogspot.com","2019-06-27",87057,"assistant manager",1,16
34,"reed","areedx@cisco.com","2019-08-04",120579,"assistant media planner",6,16
44,"simmons","asimmons17@csmonitor.com","2022-08-27",113857,"developer iii",2,16
95,"franklin","sfranklin2m@wordpress.com","2019-04-10",117105,"vp quality control",5,16
112,"morris","amorris33@irs.gov","2018-12-17",127645,"legal assistant",1,16
117,"martin","jmartin38@chron.com","2020-01-10",49644,"senior developer",4,16
125,"dean","ldean3g@blogspot.com","2022-05-03",140708,"nurse",1,16
146,"thompson","athompson41@booking.com","2016-02-22",133281,"account executive",6,16
148,"sanders","lsanders43@linkedin.com","2020-11-11",146970,"employees accountant iii",3,16
169,"sanders","rsanders4o@salon.com","2015-03-31",41898,"tax accountant",6,16
171,"harris","mharris4q@squarespace.com","2015-06-21",110912,"geologist i",5,16
200,"george","mgeorge5j@cdc.gov","2020-07-27",89633,"software consultant",4,16
207,"harris","mharris5q@utexas.edu","2020-05-11",129527,"statistician ii",2,16
238,"gonzales","cgonzales6l@berkeley.edu","2020-04-21",131274,"clinical specialist",2,16
263,"snyder","dsnyder7a@digg.com","2021-12-10",109004,"account coordinator",5,16
273,"gordon","egordon7k@yellowbook.com","2018-07-04",142840,"account coordinator",1,16
294,"cooper","icooper85@w3.org","2018-07-05",61519,"human resources assistant iii",7,16
337,"spencer","dspencer9c@ed.gov","2021-04-13",83256,"senior editor",5,16
437,"roberts","arobertsc4@businessweek.com","2022-09-16",48934,"electrical engineer",6,16
458,"little","dlittlecp@usatoday.com","2016-12-21",91660,"research assistant i",5,16
490,"griffin","bgriffindl@pbs.org","2016-06-11",116480,"nurse practicioner",5,16
539,"kelley","rkelleyey@feedburner.com","2018-08-05",110660,"senior financial analyst",4,16
589,"arnold","sarnoldgc@parallels.com","2018-07-18",135786,"account representative i",7,16
642,"warren","awarrenht@addthis.com","2016-10-13",126201,"electrical engineer",2,16
705,"clark","pclarkjk@joomla.org","2023-05-02",97150,"vp accounting",6,16
727,"johnson","mjohnsonk6@sciencedaily.com","2021-07-01",83165,"account representative i",5,16
772,"elliott","delliottlf@fda.gov","2023-01-24",100570,"senior financial analyst",5,16
782,"weaver","jweaverlp@unblog.fr","2024-02-15",120226,"software engineer ii",4,16
801,"gomez","tgomezm8@ucoz.ru","2022-01-08",101582,"biostatistician ii",7,16
802,"knight","dknightm9@quantcast.com","2016-09-01",100716,"help desk operator",3,16
818,"rice","jricemp@columbia.edu","2020-07-12",82077,"data coordiator",4,16
868,"price","jpriceo3@google.it","2022-10-22",52612,"analyst programmer",7,16
919,"bishop","kbishoppi@ovh.net","2017-02-03",53798,"mechanical systems engineer",1,16
973,"walker","swalkerr0@sina.com.cn","2021-05-25",51132,"assistant manager",4,16
72,"knight","tknight1z@weibo.com","2015-10-25",135688,"statistician i",4,17
80,"little","klittle27@un.org","2016-10-01",114647,"editor",5,17
87,"hamilton","hhamilton2e@google.de","2019-03-03",98401,"vp quality control",1,17
94,"hunt","thunt2l@twitpic.com","2021-05-14",140430,"senior cost accountant",2,17
147,"hernandez","ahernandez42@pagesperso-orange.fr","2017-06-21",96169,"civil engineer",1,17
152,"roberts","droberts47@jimdo.com","2023-12-20",105319,"compensation analyst",4,17
210,"foster","jfoster5t@icq.com","2020-08-09",42759,"social worker",4,17
237,"armstrong","aarmstrong6k@redcross.org","2018-01-26",63598,"budget/accounting analyst ii",1,17
272,"banks","jbanks7j@dion.ne.jp","2018-09-22",43940,"health coach i",2,17
281,"holmes","aholmes7s@last.fm","2022-02-09",48892,"accounting assistant i",1,17
345,"perez","jperez9k@bloglines.com","2019-09-07",65767,"programmer analyst i",4,17
381,"welch","dwelchak@printfriendly.com","2016-05-29",133007,"software test engineer i",7,17
388,"kelley","akelleyar@list-manage.com","2019-09-08",84261,"senior editor",5,17
393,"sullivan","ksullivanaw@slideshare.net","2018-07-14",63341,"research associate",7,17
421,"harper","rharperbo@webeden.co.uk","2021-06-14",92043,"assistant manager",3,17
442,"bryant","jbryantc9@zdnet.com","2018-07-16",139347,"data coordiator",1,17
451,"robinson","arobinsonci@mapy.cz","2022-01-16",144608,"research associate",4,17
488,"brooks","ebrooksdj@berkeley.edu","2016-11-11",69026,"nuclear power engineer",6,17
501,"bailey","hbaileydw@networksolutions.com","2021-10-31",138540,"geologist iv",7,17
534,"harrison","jharrisonet@mapquest.com","2023-10-14",50308,"compensation analyst",6,17
541,"mendoza","tmendozaf0@google.nl","2019-01-01",48769,"nurse",5,17
542,"rice","ericef1@cpanel.net","2015-02-28",90069,"assistant professor",5,17
551,"cruz","bcruzfa@nbcnews.com","2020-04-10",69246,"web developer iii",6,17
584,"cook","ccookg7@blog.com","2020-09-20",109404,"chief design engineer",6,17
667,"willis","nwillisii@sohu.com","2016-08-22",73425,"human resources manager",3,17
676,"sullivan","rsullivanir@xinhuanet.com","2019-08-02",101756,"programmer iv",5,17
678,"mills","jmillsit@webs.com","2020-12-11",82979,"senior quality engineer",6,17
690,"perkins","rperkinsj5@ehow.com","2021-05-22",57988,"web developer i",4,17
710,"mills","jmillsjp@yahoo.com","2017-04-28",49326,"chemical engineer",7,17
750,"ward","kwardkt@wikipedia.org","2024-01-24",108228,"vp sales",3,17
764,"jacobs","mjacobsl7@ibm.com","2021-04-18",51771,"accountant iii",3,17
785,"miller","nmillerls@behance.net","2016-04-02",99151,"information systems manager",1,17
833,"chavez","rchavezn4@tamu.edu","2023-10-08",137704,"help desk technician",4,17
880,"grant","kgrantof@phoca.cz","2022-02-02",60268,"registered nurse",3,17
927,"howard","dhowardpq@ocn.ne.jp","2021-02-04",82080,"analog circuit design manager",2,17
959,"young","jyoungqm@xing.com","2024-02-10",114695,"statistician iv",1,17
989,"fields","dfieldsrg@examiner.com","2021-08-24",67817,"registered nurse",7,17
36,"bradley","nbradleyz@goodreads.com","2020-04-07",107222,"payment adjustment coordinator",3,18
46,"lawrence","jlawrence19@linkedin.com","2017-08-04",133424,"junior executive",7,18
57,"allen","jallen1k@google.cn","2020-07-04",73755,"geologist ii",3,18
60,"lane","elane1n@un.org","2017-02-17",104896,"financial advisor",5,18
75,"sanchez","dsanchez22@blog.com","2021-12-16",78157,"senior financial analyst",1,18
81,"welch","jwelch28@1und1.de","2021-12-13",118514,"accounting assistant iii",5,18
86,"martinez","wmartinez2d@barnesandnoble.com","2020-07-25",131392,"systems administrator ii",2,18
127,"harper","sharper3i@slideshare.net","2019-04-28",144639,"vp quality control",7,18
134,"harvey","jharvey3p@angelfire.com","2015-07-13",99854,"vp marketing",6,18
167,"lopez","rlopez4m@foxnews.com","2019-07-18",131961,"legal assistant",4,18
180,"williamson","nwilliamson4z@dropbox.com","2019-03-18",76063,"administrative assistant ii",6,18
187,"gordon","kgordon56@techcrunch.com","2019-08-25",107407,"systems administrator ii",3,18
196,"jacobs","rjacobs5f@oracle.com","2018-12-13",81270,"geological engineer",1,18
212,"matthews","fmatthews5v@theatlantic.com","2017-09-30",123936,"internal auditor",1,18
220,"ellis","lellis63@ucla.edu","2020-04-18",146256,"paralegal",1,18
228,"washington","cwashington6b@cargocollective.com","2020-02-26",113311,"programmer iii",2,18
229,"ruiz","lruiz6c@thetimes.co.uk","2023-02-18",116301,"design engineer",3,18
269,"cunningham","kcunningham7g@squidoo.com","2019-08-29",108248,"safety technician i",3,18
282,"fowler","rfowler7t@ameblo.jp","2020-05-07",120540,"junior executive",6,18
354,"hudson","shudson9t@shareasale.com","2017-12-10",78478,"compensation analyst",5,18
357,"reynolds","dreynolds9w@angelfire.com","2017-11-17",87978,"senior financial analyst",1,18
401,"parker","jparkerb4@mit.edu","2019-06-16",148906,"project manager",5,18
404,"harvey","aharveyb7@who.int","2019-06-21",43366,"administrative assistant iv",4,18
475,"jenkins","sjenkinsd6@bloglovin.com","2022-08-24",46072,"nurse",2,18
510,"lawrence","rlawrencee5@hhs.gov","2016-10-25",108748,"senior editor",4,18
512,"carpenter","rcarpentere7@blog.com","2020-04-02",133360,"research nurse",7,18
555,"bryant","cbryantfe@phpbb.com","2017-12-02",148260,"executive secretary",7,18
599,"watkins","rwatkinsgm@independent.co.uk","2022-08-24",128805,"occupational therapist",5,18
600,"ruiz","sruizgn@reddit.com","2023-03-04",96782,"database administrator ii",5,18
625,"andrews","handrewshc@salon.com","2017-11-07",147003,"chemical engineer",1,18
630,"pierce","spiercehh@google.nl","2016-11-08",96107,"actuary",5,18
634,"fowler","wfowlerhl@people.com.cn","2019-01-06",104264,"employees scientist",6,18
659,"ramos","kramosia@ed.gov","2023-05-12",72319,"quality control specialist",1,18
663,"lynch","tlynchie@bloglovin.com","2015-08-06",117248,"employees accountant iii",1,18
717,"greene","rgreenejw@so-net.ne.jp","2020-05-28",80999,"employees accountant ii",6,18
728,"larson","slarsonk7@sakura.ne.jp","2019-03-26",125574,"research associate",1,18
745,"reed","lreedko@wikipedia.org","2023-06-03",108504,"pharmacist",1,18
794,"larson","mlarsonm1@blinklist.com","2016-05-01",119414,"research assistant ii",1,18
800,"peterson","apetersonm7@eepurl.com","2023-04-21",144841,"web developer i",4,18
831,"rodriguez","drodriguezn2@guardian.co.uk","2020-04-26",140276,"electrical engineer",5,18
844,"hall","jhallnf@1und1.de","2017-01-28",100428,"web designer i",3,18
870,"howard","ghowardo5@ow.ly","2020-01-23",141753,"assistant professor",3,18
877,"webb","rwebboc@a8.net","2020-03-03",144932,"marketing assistant",4,18
888,"collins","bcollinson@google.pl","2016-11-23",143034,"budget/accounting analyst iii",3,18
903,"burns","eburnsp2@discuz.net","2015-12-07",113654,"health coach iv",1,18
946,"phillips","dphillipsq9@stanford.edu","2018-05-19",69807,"account representative iv",3,18
971,"dunn","mdunnqy@chronoengine.com","2023-03-01",148889,"help desk operator",4,18
992,"edwards","nedwardsrj@wikimedia.org","2020-09-19",121713,"director of sales",5,18
105,"young","syoung2w@cmu.edu","2015-09-16",80830,"quality control specialist",4,19
126,"burton","bburton3h@360.cn","2019-03-20",79172,"associate professor",7,19
131,"kelley","wkelley3m@domainmarket.com","2023-09-29",120377,"research nurse",4,19
157,"henry","dhenry4c@yelp.com","2023-02-27",131252,"account representative iii",1,19
195,"meyer","nmeyer5e@about.me","2018-04-22",48829,"accountant i",1,19
199,"reed","sreed5i@bloglovin.com","2018-12-28",142483,"social worker",3,19
219,"harrison","vharrison62@networkadvertising.org","2017-03-13",55073,"assistant professor",4,19
225,"peterson","mpeterson68@home.pl","2015-08-05",97623,"technical writer",1,19
234,"walker","jwalker6h@google.es","2017-04-07",110896,"accountant ii",2,19
297,"harrison","nharrison88@imageshack.us","2019-05-27",133845,"executive secretary",4,19
311,"lane","plane8m@pbs.org","2018-07-24",45463,"marketing manager",5,19
329,"mccoy","hmccoy94@miitbeian.gov.cn","2015-09-19",86803,"administrative assistant iii",4,19
342,"carroll","scarroll9h@yellowbook.com","2022-10-17",85511,"business systems development analyst",5,19
464,"brooks","dbrookscv@biblegateway.com","2021-05-18",77060,"marketing manager",3,19
538,"freeman","gfreemanex@nps.gov","2023-09-18",121296,"civil engineer",2,19
550,"watson","lwatsonf9@alexa.com","2022-12-28",72334,"developer iv",3,19
583,"hunter","ehunterg6@ucsd.edu","2016-02-02",112048,"software engineer ii",5,19
592,"duncan","aduncangf@behance.net","2016-01-18",110407,"sales associate",5,19
611,"ford","jfordgy@earthlink.net","2015-02-08",147739,"safety technician i",5,19
633,"freeman","mfreemanhk@walmart.com","2017-02-03",79845,"teacher",1,19
637,"knight","dknightho@buzzfeed.com","2019-01-13",84549,"senior cost accountant",5,19
639,"porter","eporterhq@amazon.com","2021-05-14",140243,"financial advisor",5,19
649,"russell","krusselli0@posterous.com","2015-01-06",99352,"recruiting manager",1,19
660,"nelson","mnelsonib@ibm.com","2021-06-13",139564,"pharmacist",7,19
666,"arnold","jarnoldih@tripod.com","2015-06-09",52041,"database administrator i",2,19
670,"moreno","rmorenoil@gizmodo.com","2015-11-12",102493,"senior quality engineer",5,19
671,"fuller","jfullerim@theguardian.com","2015-12-21",55568,"senior cost accountant",7,19
692,"owens","dowensj7@hibu.com","2022-08-09",58265,"nurse practicioner",3,19
741,"parker","cparkerkk@foxnews.com","2015-12-15",90086,"research associate",4,19
774,"richards","vrichardslh@forbes.com","2018-11-25",68761,"graphic designer",1,19
806,"hill","shillmd@ca.gov","2017-06-03",117092,"vp product management",5,19
848,"austin","jaustinnj@gov.uk","2020-03-11",101646,"environmental tech",1,19
852,"rose","srosenn@flavors.me","2020-02-26",76086,"statistician i",7,19
869,"turner","pturnero4@tamu.edu","2023-08-31",130849,"desktop support technician",5,19
876,"montgomery","amontgomeryob@dmoz.org","2023-12-26",75676,"recruiting manager",3,19
882,"george","wgeorgeoh@mail.ru","2023-10-27",85249,"engineer i",2,19
899,"burton","kburtonoy@army.mil","2019-08-09",67758,"chemical engineer",2,19
902,"wright","bwrightp1@deviantart.com","2016-05-31",109233,"mechanical systems engineer",4,19
942,"lopez","llopezq5@usgs.gov","2020-12-13",64443,"senior sales associate",6,19
947,"kelly","ckellyqa@boston.com","2019-08-23",128646,"senior editor",1,19
949,"woods","jwoodsqc@patch.com","2015-04-12",59363,"programmer analyst iv",1,19
950,"kennedy","jkennedyqd@nba.com","2020-03-08",68364,"professor",5,19
952,"cole","acoleqf@unblog.fr","2014-12-08",53905,"editor",7,19
2,"armstrong","sarmstrong1@infoseek.co.jp","2023-12-11",71869,"financial advisor",2,20
43,"ferguson","mferguson16@qq.com","2015-05-16",82960,"account representative iii",6,20
73,"palmer","ipalmer20@newsvine.com","2023-08-15",78828,"director of sales",2,20
100,"bell","rbell2r@utexas.edu","2014-12-29",68210,"registered nurse",4,20
121,"elliott","belliott3c@jiathis.com","2021-03-02",131409,"technical writer",7,20
137,"simmons","jsimmons3s@imageshack.us","2019-09-29",72748,"quality control specialist",3,20
178,"butler","cbutler4x@amazon.de","2018-10-08",78157,"librarian",1,20
224,"hanson","dhanson67@cmu.edu","2020-11-02",141513,"employees accountant i",1,20
244,"alvarez","jalvarez6r@geocities.com","2015-08-27",65563,"help desk technician",4,20
271,"jordan","pjordan7i@squidoo.com","2015-10-10",123843,"senior sales associate",7,20
309,"riley","driley8k@dell.com","2021-05-26",143781,"product engineer",4,20
316,"peters","cpeters8r@epa.gov","2022-07-15",40418,"vp marketing",2,20
331,"hudson","jhudson96@thetimes.co.uk","2020-06-23",91906,"food chemist",4,20
335,"gilbert","pgilbert9a@wiley.com","2021-01-31",52792,"pharmacist",2,20
355,"murray","cmurray9u@reverbnation.com","2016-03-02",48812,"human resources assistant iii",7,20
371,"sims","bsimsaa@privacy.gov.au","2021-06-27",127223,"operator",5,20
427,"clark","aclarkbu@npr.org","2018-08-24",146611,"systems administrator iii",7,20
428,"schmidt","rschmidtbv@tumblr.com","2023-01-01",125465,"teacher",1,20
430,"hall","ehallbx@google.com.br","2018-04-14",60793,"registered nurse",7,20
467,"ford","efordcy@elpais.com","2023-07-06",60674,"software engineer i",3,20
478,"mason","jmasond9@networkadvertising.org","2021-05-06",147166,"systems administrator i",6,20
528,"cole","fcoleen@msn.com","2022-08-13",96739,"product engineer",2,20
561,"rodriguez","jrodriguezfk@cafepress.com","2019-06-01",62527,"recruiter",1,20
573,"kennedy","jkennedyfw@nasa.gov","2019-02-06",100741,"senior cost accountant",1,20
581,"cunningham","pcunninghamg4@example.com","2020-07-23",92334,"gis technical architect",3,20
598,"diaz","jdiazgl@hhs.gov","2023-12-27",60547,"community outreach specialist",2,20
607,"reyes","hreyesgu@gnu.org","2020-11-23",130563,"nuclear power engineer",7,20
655,"meyer","emeyeri6@friendfeed.com","2022-06-02",145363,"gis technical architect",3,20
664,"watkins","ewatkinsif@ask.com","2020-05-22",133507,"budget/accounting analyst ii",1,20
672,"fowler","cfowlerin@yelp.com","2015-02-16",75159,"biostatistician iii",2,20
702,"wells","dwellsjh@is.gd","2019-03-06",77293,"structural analysis engineer",5,20
713,"hicks","ahicksjs@arstechnica.com","2021-08-25",65650,"project manager",1,20
730,"johnston","ejohnstonk9@liveinternet.ru","2022-01-09",57651,"help desk operator",6,20
742,"nguyen","lnguyenkl@goodreads.com","2019-05-25",77382,"design engineer",6,20
791,"phillips","tphillipsly@globo.com","2015-08-11",93534,"health coach iv",1,20
860,"anderson","landersonnv@sakura.ne.jp","2020-08-12",115009,"structural engineer",4,20
865,"dixon","mdixono0@cbc.ca","2019-10-29",126420,"structural analysis engineer",6,20
866,"kelly","jkellyo1@ameblo.jp","2016-06-30",55265,"paralegal",1,20
937,"hawkins","chawkinsq0@bravesites.com","2021-09-15",134931,"tax accountant",1,20
983,"lopez","llopezra@blogger.com","2017-06-04",94685,"research nurse",4,20
6,"phillips","bphillips5@time.com","2023-11-27",118497,"executive secretary",1,21
31,"willis","hwillisu@army.mil","2024-02-10",113507,"accountant i",7,21
61,"watson","cwatson1o@paypal.com","2018-06-15",81870,"occupational therapist",7,21
77,"daniels","ndaniels24@google.ca","2016-04-16",139061,"environmental specialist",3,21
88,"gomez","jgomez2f@mtv.com","2016-10-26",103806,"accounting assistant i",3,21
143,"gutierrez","jgutierrez3y@tuttocitta.it","2016-03-02",58805,"database administrator i",1,21
159,"harvey","eharvey4e@opera.com","2017-03-03",138179,"analog circuit design manager",3,21
213,"thomas","gthomas5w@slate.com","2015-08-20",128239,"teacher",6,21
252,"johnston","jjohnston6z@irs.gov","2018-05-27",87072,"structural engineer",7,21
302,"jenkins","rjenkins8d@wufoo.com","2021-01-19",113599,"geological engineer",2,21
347,"frazier","dfrazier9m@amazon.co.uk","2021-12-16",88470,"associate professor",1,21
410,"harris","lharrisbd@ow.ly","2015-02-05",148940,"senior financial analyst",6,21
420,"henry","hhenrybn@privacy.gov.au","2022-09-09",95583,"civil engineer",2,21
431,"bishop","kbishopby@loc.gov","2024-01-30",110744,"accountant i",2,21
444,"ferguson","jfergusoncb@sphinn.com","2017-01-20",119385,"assistant media planner",4,21
463,"mason","dmasoncu@about.com","2019-09-21",120160,"database administrator ii",3,21
525,"payne","tpayneek@newyorker.com","2018-10-13",94016,"vp quality control",2,21
562,"perez","jperezfl@seesaa.net","2017-05-12",73412,"librarian",5,21
588,"day","edaygb@google.nl","2021-04-23",129890,"software consultant",4,21
602,"henderson","chendersongp@sina.com.cn","2017-04-07",101937,"teacher",7,21
619,"cole","jcoleh6@php.net","2016-06-05",133190,"research nurse",7,21
631,"perez","wperezhi@yahoo.co.jp","2023-06-27",44788,"project manager",2,21
635,"rodriguez","mrodriguezhm@wiley.com","2016-12-17",77005,"systems administrator iv",1,21
645,"webb","twebbhw@google.com.br","2019-09-19",143595,"geological engineer",6,21
765,"williams","dwilliamsl8@google.com.br","2017-05-19",107709,"nuclear power engineer",1,21
773,"dixon","rdixonlg@parallels.com","2018-02-10",60383,"vp product management",1,21
775,"gonzalez","egonzalezli@naver.com","2019-08-28",131830,"gis technical architect",2,21
787,"williamson","twilliamsonlu@ow.ly","2019-10-19",135695,"budget/accounting analyst iii",6,21
828,"allen","wallenmz@gnu.org","2023-07-05",149586,"account coordinator",1,21
854,"hanson","ghansonnp@free.fr","2022-09-30",113354,"vp quality control",4,21
879,"hill","shilloe@ft.com","2018-09-27",144661,"registered nurse",3,21
881,"wright","cwrightog@trellian.com","2021-07-11",94072,"social worker",3,21
904,"roberts","drobertsp3@ed.gov","2023-06-29",90937,"cost accountant",6,21
907,"frazier","kfrazierp6@dailymail.co.uk","2019-10-03",104326,"assistant manager",5,21
915,"bell","cbellpe@npr.org","2015-03-11",92561,"senior sales associate",1,21
920,"cole","scolepj@odnoklassniki.ru","2021-03-28",116766,"account representative iv",4,21
948,"james","bjamesqb@hubpages.com","2020-02-27",47271,"programmer analyst iv",1,21
958,"wood","bwoodql@epa.gov","2019-12-06",82164,"compensation analyst",1,21
987,"lawrence","slawrencere@cdbaby.com","2018-01-26",60743,"civil engineer",5,21
8,"harris","aharris7@ucoz.com","2017-11-19",84427,"safety technician i",4,22
25,"stephens","jstephenso@ow.ly","2020-06-03",70613,"business systems development analyst",1,22
54,"reed","sreed1h@intel.com","2015-06-07",84275,"vp marketing",5,22
69,"stewart","dstewart1w@usnews.com","2018-02-22",148144,"data coordiator",4,22
120,"evans","wevans3b@scientificamerican.com","2023-10-14",77335,"chemical engineer",4,22
149,"meyer","jmeyer44@facebook.com","2017-02-17",76352,"human resources assistant iv",4,22
186,"larson","dlarson55@technorati.com","2018-06-08",144991,"technical writer",7,22
194,"wagner","ewagner5d@cornell.edu","2017-03-18",142516,"professor",1,22
206,"riley","hriley5p@dailymotion.com","2014-12-12",61992,"sales representative",4,22
247,"romero","jromero6u@cafepress.com","2017-08-19",80654,"geological engineer",2,22
343,"long","along9i@ocn.ne.jp","2018-09-17",40138,"payment adjustment coordinator",6,22
397,"martin","hmartinb0@homestead.com","2023-01-23",81998,"product engineer",5,22
406,"foster","pfosterb9@intel.com","2021-06-16",54007,"geological engineer",5,22
415,"holmes","dholmesbi@jugem.jp","2016-04-13",147150,"analog circuit design manager",6,22
445,"greene","dgreenecc@reuters.com","2019-06-23",149835,"geologist iii",1,22
452,"kennedy","ckennedycj@boston.com","2021-08-22",111072,"senior quality engineer",4,22
482,"harris","rharrisdd@paypal.com","2021-02-14",126468,"budget/accounting analyst iii",4,22
491,"stevens","bstevensdm@aol.com","2020-05-23",108444,"environmental tech",7,22
499,"hansen","jhansendu@timesonline.co.uk","2022-08-17",145559,"office assistant iii",2,22
516,"stanley","rstanleyeb@alibaba.com","2023-05-28",89324,"systems administrator iv",3,22
548,"simpson","dsimpsonf7@engadget.com","2018-11-03",46444,"desktop support technician",6,22
554,"frazier","mfrazierfd@tripod.com","2015-10-28",60318,"engineer i",5,22
587,"martin","pmartinga@webnode.com","2016-09-05",74973,"general manager",7,22
653,"ramirez","vramirezi4@yellowpages.com","2023-10-13",147862,"chemical engineer",5,22
669,"owens","sowensik@prlog.org","2020-04-08",104373,"graphic designer",6,22
674,"adams","jadamsip@cisco.com","2017-03-22",41855,"payment adjustment coordinator",7,22
686,"watkins","mwatkinsj1@myspace.com","2023-09-25",104444,"business systems development analyst",2,22
758,"ray","nrayl1@mail.ru","2021-08-21",126661,"systems administrator i",2,22
788,"phillips","dphillipslv@domainmarket.com","2023-04-13",102793,"editor",4,22
820,"baker","jbakermr@cafepress.com","2020-03-08",107749,"graphic designer",2,22
838,"black","rblackn9@sun.com","2023-07-20",117171,"electrical engineer",4,22
857,"nichols","dnicholsns@ifeng.com","2020-01-01",43537,"help desk operator",4,22
873,"alexander","aalexandero8@histats.com","2017-02-23",140078,"environmental specialist",3,22
885,"wallace","mwallaceok@abc.net.au","2022-12-28",118793,"research assistant iii",3,22
900,"jordan","tjordanoz@instagram.com","2015-05-21",115776,"database administrator i",2,22
926,"austin","raustinpp@house.gov","2019-09-27",50161,"account executive",3,22
931,"burton","jburtonpu@wufoo.com","2023-08-20",63682,"recruiting manager",5,22
934,"morrison","tmorrisonpx@free.fr","2020-09-25",93714,"social worker",5,22
951,"lewis","jlewisqe@etsy.com","2019-05-06",115975,"social worker",7,22
974,"welch","rwelchr1@eventbrite.com","2017-06-03",87422,"research nurse",3,22
982,"mendoza","bmendozar9@reference.com","2016-07-07",54599,"assistant media planner",3,22
28,"scott","cscottr@sphinn.com","2016-01-08",63336,"sales representative",4,22
35,"smith","bsmithy@statcounter.com","2023-11-11",94884,"librarian",7,22
99,"palmer","ipalmer2q@youku.com","2015-05-07",138815,"physical therapy assistant",3,22
110,"howell","whowell31@free.fr","2015-06-28",67255,"geologist iii",4,22
151,"larson","blarson46@newsvine.com","2015-11-01",50066,"operator",1,22
155,"robinson","trobinson4a@amazon.com","2018-07-16",45456,"chemical engineer",1,22
172,"fields","rfields4r@amazon.co.uk","2023-05-03",101520,"project manager",1,22
173,"fox","ffox4s@geocities.com","2022-04-30",55633,"systems administrator iv",1,22
174,"reynolds","dreynolds4t@biglobe.ne.jp","2019-09-21",91561,"vp product management",7,22
184,"watson","ewatson53@latimes.com","2020-02-29",111873,"payment adjustment coordinator",2,22
209,"peterson","jpeterson5s@t-online.de","2023-06-11",104530,"vp marketing",2,22
235,"griffin","sgriffin6i@123-reg.co.uk","2018-12-24",108970,"senior cost accountant",2,22
250,"fowler","mfowler6x@geocities.jp","2022-12-26",84049,"information systems manager",5,22
256,"stone","gstone73@google.es","2020-07-17",87816,"administrative assistant i",2,22
275,"rivera","arivera7m@comcast.net","2015-08-10",122219,"engineer i",6,22
291,"moreno","rmoreno82@alibaba.com","2021-08-10",121238,"senior developer",4,22
295,"harris","lharris86@ibm.com","2017-10-25",47131,"developer iv",6,22
304,"mccoy","mmccoy8f@wisc.edu","2020-02-06",77486,"community outreach specialist",4,22
310,"ray","aray8l@cbc.ca","2023-02-22",51761,"cost accountant",5,22
321,"wheeler","jwheeler8w@whitehouse.gov","2019-04-24",145284,"information systems manager",7,22
344,"owens","eowens9j@skyrock.com","2023-04-27",42714,"electrical engineer",7,22
351,"fuller","jfuller9q@merriam-webster.com","2015-08-30",54410,"programmer analyst ii",7,22
440,"murphy","amurphyc7@wikia.com","2015-09-17",128105,"help desk technician",7,22
441,"bailey","jbaileyc8@newsvine.com","2021-10-14",71676,"gis technical architect",4,22
448,"brooks","jbrookscf@ucla.edu","2016-02-16",102458,"occupational therapist",1,22
461,"lane","llanecs@free.fr","2024-01-02",94299,"media manager iii",4,22
472,"arnold","larnoldd3@webeden.co.uk","2019-07-01",133781,"office assistant i",4,22
473,"jordan","djordand4@trellian.com","2023-10-08",90409,"research assistant ii",3,22
476,"matthews","jmatthewsd7@economist.com","2019-12-20",119602,"actuary",5,22
495,"black","eblackdq@ihg.com","2020-04-28",80073,"senior developer",3,22
532,"rice","rriceer@wired.com","2021-04-20",145747,"financial advisor",3,22
549,"reynolds","kreynoldsf8@vistaprint.com","2017-04-04",85855,"financial advisor",4,22
569,"little","jlittlefs@bravesites.com","2016-08-21",80788,"programmer i",4,22
620,"olson","aolsonh7@psu.edu","2015-07-07",59644,"systems administrator iii",1,22
624,"garza","mgarzahb@elegantthemes.com","2016-12-31",60203,"product engineer",2,22
656,"campbell","kcampbelli7@prnewswire.com","2021-03-24",70804,"quality engineer",2,22
709,"payne","cpaynejo@tinyurl.com","2023-01-28",138137,"developer iv",2,22
766,"elliott","kelliottl9@hhs.gov","2015-08-09",104149,"food chemist",2,22
767,"hall","jhallla@hao123.com","2016-10-03",91501,"editor",7,22
804,"hunter","hhuntermb@reverbnation.com","2023-07-03",123156,"social worker",1,22
825,"turner","jturnermw@mapy.cz","2018-10-19",89285,"community outreach specialist",5,22
840,"hamilton","phamiltonnb@earthlink.net","2023-01-21",73778,"sales representative",2,22
867,"johnson","bjohnsono2@toplist.cz","2014-09-29",95679,"associate professor",3,22
874,"spencer","kspencero9@eventbrite.com","2023-04-27",119769,"director of sales",2,22
901,"perry","kperryp0@chron.com","2021-10-06",146701,"research assistant ii",7,22
935,"hudson","mhudsonpy@altervista.org","2015-03-30",146745,"assistant media planner",1,22
993,"anderson","sandersonrk@businesswire.com","2023-11-26",139486,"product engineer",7,22
